Priority,Task,Status,Page Type,Type,Blog Topic,Vertical,Services,Location,Meta tags optimized,Interlinking,Alt Tags,Schema,Indexed,PAGE TITLE,Status,URL,Launch Date,Month,Link,Target Location,Service,Relevant Keywords,Internal Links,Image Negative Constraints,Phone Number,Company Name,Description
Tier 18,New Content,Not Started,Page,Blogs,Tips/Guides,Locksmith,Web Design,Nationwide,,,,,,Advanced Locksmith Web Design Techniques to Dominate the Market Space,Ready for blog generation,,01-Sep-2026,September 2026,https://itzdigital.co/blog/advanced-locksmith-web-design-techniques-to-dominate-the-market-space,Nationwide,Web Design,"locksmith web design investment, digital marketing for locksmith, scale locksmith online, locksmith customer acquisition","https://itzdigital.co/, https://itzdigital.co/services/website-design/, https://itzdigital.co/emergency-lead-mastery-marketing-tips-local-locksmiths/, https://itzdigital.co/locksmith-marketing-cost-emergency-leads-3/, https://itzdigital.co/3-best-in-class-locksmith-digital-market-agency-core-providers-to-outrank-competitors/","NO text in image, NO competitors, NO low-lighting",800-647-6917,ITZ Digital,"Provide a strategic operational playbook with actionable operational blueprints and growth checklists for modern Locksmith platforms running Web Design. Emphasize ITZ Digital's proprietary methodologies in user behavior mapping, automated lead capturing cascades, and custom audience segmentation configurations."
Tier 18,New Content,Not Started,Page,Blogs,Cost,Massage Therapy,SEO,Nationwide,,,,,,Breaking Down the Real Financial Cost of Massage Therapy SEO,Ready for blog generation,,01-Sep-2026,September 2026,https://itzdigital.co/blog/breaking-down-the-real-financial-cost-of-massage-therapy-seo,Nationwide,SEO,"massage therapy seo investment, digital marketing for massage therapy, scale massage therapy online, massage therapy customer acquisition","https://itzdigital.co/, https://itzdigital.co/services/seo/, https://itzdigital.co/leading-pool-spa-seo-agencies-for-high-end-leads/, https://itzdigital.co/5-best-restoration-seo-partners-to-scale-your-water-damage-leads/, https://itzdigital.co/real-estate-seo-cost-investing-in-long-term-lead-authority/","NO text in image, NO competitors, NO low-lighting",800-647-6917,ITZ Digital,"Provide a complete industry breakdown itemizing transparency regarding the financial metrics, standard pricing ranges, and ROI expectations for executing high-efficiency Massage Therapy SEO. Highlight how ITZ Digital designs transparent, scalable billing profiles that eliminate marketing waste, contrasting hidden management fees vs results-oriented asset tracking."
Tier 18,New Content,Not Started,Page,Blogs,Tips/Guides,Massage Therapy,SEO,Nationwide,,,,,,Maximizing Conversion Rates: Key Massage Therapy SEO Blueprints,Ready for blog generation,,01-Sep-2026,September 2026,https://itzdigital.co/blog/maximizing-conversion-rates-key-massage-therapy-seo-blueprints,Nationwide,SEO,"massage therapy seo investment, digital marketing for massage therapy, scale massage therapy online, massage therapy customer acquisition","https://itzdigital.co/, https://itzdigital.co/services/seo/, https://itzdigital.co/leading-pool-spa-seo-agencies-for-high-end-leads/, https://itzdigital.co/5-best-restoration-seo-partners-to-scale-your-water-damage-leads/, https://itzdigital.co/real-estate-seo-cost-investing-in-long-term-lead-authority/","NO text in image, NO competitors, NO low-lighting",800-647-6917,ITZ Digital,"Provide a strategic operational playbook with actionable operational blueprints and growth checklists for modern Massage Therapy platforms running SEO. Emphasize ITZ Digital's proprietary methodologies in user behavior mapping, automated lead capturing cascades, and custom audience segmentation configurations."
Tier 18,New Content,Not Started,Page,Blogs,Cost,Massage Therapy,Google Ads,Nationwide,,,,,,A Data-Driven Breakdown of Modern Massage Therapy Google Ads Budgets,Ready for blog generation,,01-Sep-2026,September 2026,https://itzdigital.co/blog/a-datadriven-breakdown-of-modern-massage-therapy-google-ads-budgets,Nationwide,Google Ads,"massage therapy google ads investment, digital marketing for massage therapy, scale massage therapy online, massage therapy customer acquisition","https://itzdigital.co/, https://itzdigital.co/services/google-ads/, https://itzdigital.co/services/, https://itzdigital.co/case-studies/, https://itzdigital.co/faqs/","NO text in image, NO competitors, NO low-lighting",800-647-6917,ITZ Digital,"Provide a complete industry breakdown itemizing transparency regarding the financial metrics, standard pricing ranges, and ROI expectations for executing high-efficiency Massage Therapy Google Ads. Highlight how ITZ Digital designs transparent, scalable billing profiles that eliminate marketing waste, contrasting hidden management fees vs results-oriented asset tracking."
Tier 18,New Content,Not Started,Page,Blogs,Tips/Guides,Massage Therapy,Google Ads,Nationwide,,,,,,How to Optimize Massage Therapy Google Ads for High-ROI Acquisition,Ready for blog generation,,01-Sep-2026,September 2026,https://itzdigital.co/blog/how-to-optimize-massage-therapy-google-ads-for-highroi-acquisition,Nationwide,Google Ads,"massage therapy google ads investment, digital marketing for massage therapy, scale massage therapy online, massage therapy customer acquisition","https://itzdigital.co/, https://itzdigital.co/services/google-ads/, https://itzdigital.co/services/, https://itzdigital.co/case-studies/, https://itzdigital.co/faqs/","NO text in image, NO competitors, NO low-lighting",800-647-6917,ITZ Digital,"Provide a strategic operational playbook with actionable operational blueprints and growth checklists for modern Massage Therapy platforms running Google Ads. Emphasize ITZ Digital's proprietary methodologies in user behavior mapping, automated lead capturing cascades, and custom audience segmentation configurations."
Tier 18,New Content,Not Started,Page,Blogs,Cost,Massage Therapy,Meta Ads,Nationwide,,,,,,How Much Does Massage Therapy Meta Ads Cost? Pricing and ROI Analysis,Ready for blog generation,,02-Sep-2026,September 2026,https://itzdigital.co/blog/how-much-does-massage-therapy-meta-ads-cost-pricing-and-roi-analysis,Nationwide,Meta Ads,"massage therapy meta ads investment, digital marketing for massage therapy, scale massage therapy online, massage therapy customer acquisition","https://itzdigital.co/, https://itzdigital.co/services/meta-ads/, https://itzdigital.co/services/, https://itzdigital.co/case-studies/, https://itzdigital.co/faqs/","NO text in image, NO competitors, NO low-lighting",800-647-6917,ITZ Digital,"Provide a complete industry breakdown itemizing transparency regarding the financial metrics, standard pricing ranges, and ROI expectations for executing high-efficiency Massage Therapy Meta Ads. Highlight how ITZ Digital designs transparent, scalable billing profiles that eliminate marketing waste, contrasting hidden management fees vs results-oriented asset tracking."
Tier 18,New Content,Not Started,Page,Blogs,Tips/Guides,Massage Therapy,Meta Ads,Nationwide,,,,,,Proven Massage Therapy Meta Ads Blueprints for Accelerating Growth,Ready for blog generation,,02-Sep-2026,September 2026,https://itzdigital.co/blog/proven-massage-therapy-meta-ads-blueprints-for-accelerating-growth,Nationwide,Meta Ads,"massage therapy meta ads investment, digital marketing for massage therapy, scale massage therapy online, massage therapy customer acquisition","https://itzdigital.co/, https://itzdigital.co/services/meta-ads/, https://itzdigital.co/services/, https://itzdigital.co/case-studies/, https://itzdigital.co/faqs/","NO text in image, NO competitors, NO low-lighting",800-647-6917,ITZ Digital,"Provide a strategic operational playbook with actionable operational blueprints and growth checklists for modern Massage Therapy platforms running Meta Ads. Emphasize ITZ Digital's proprietary methodologies in user behavior mapping, automated lead capturing cascades, and custom audience segmentation configurations."
Tier 18,New Content,Not Started,Page,Blogs,Cost,Massage Therapy,Web Design,Nationwide,,,,,,Breaking Down the Real Financial Cost of Massage Therapy Web Design,Ready for blog generation,,02-Sep-2026,September 2026,https://itzdigital.co/blog/breaking-down-the-real-financial-cost-of-massage-therapy-web-design,Nationwide,Web Design,"massage therapy web design investment, digital marketing for massage therapy, scale massage therapy online, massage therapy customer acquisition","https://itzdigital.co/, https://itzdigital.co/services/website-design/, https://itzdigital.co/services/, https://itzdigital.co/case-studies/, https://itzdigital.co/faqs/","NO text in image, NO competitors, NO low-lighting",800-647-6917,ITZ Digital,"Provide a complete industry breakdown itemizing transparency regarding the financial metrics, standard pricing ranges, and ROI expectations for executing high-efficiency Massage Therapy Web Design. Highlight how ITZ Digital designs transparent, scalable billing profiles that eliminate marketing waste, contrasting hidden management fees vs results-oriented asset tracking."
Tier 18,New Content,Not Started,Page,Blogs,Tips/Guides,Massage Therapy,Web Design,Nationwide,,,,,,Advanced Massage Therapy Web Design Techniques to Dominate the Market Space,Ready for blog generation,,02-Sep-2026,September 2026,https://itzdigital.co/blog/advanced-massage-therapy-web-design-techniques-to-dominate-the-market-space,Nationwide,Web Design,"massage therapy web design investment, digital marketing for massage therapy, scale massage therapy online, massage therapy customer acquisition","https://itzdigital.co/, https://itzdigital.co/services/website-design/, https://itzdigital.co/services/, https://itzdigital.co/case-studies/, https://itzdigital.co/faqs/","NO text in image, NO competitors, NO low-lighting",800-647-6917,ITZ Digital,"Provide a strategic operational playbook with actionable operational blueprints and growth checklists for modern Massage Therapy platforms running Web Design. Emphasize ITZ Digital's proprietary methodologies in user behavior mapping, automated lead capturing cascades, and custom audience segmentation configurations."
Tier 18,New Content,Not Started,Page,Blogs,Cost,Mechanic,SEO,Nationwide,,,,,,A Data-Driven Breakdown of Modern Mechanic SEO Budgets,Ready for blog generation,,02-Sep-2026,September 2026,https://itzdigital.co/blog/a-datadriven-breakdown-of-modern-mechanic-seo-budgets,Nationwide,SEO,"mechanic seo investment, digital marketing for mechanic, scale mechanic online, mechanic customer acquisition","https://itzdigital.co/, https://itzdigital.co/services/seo/, https://itzdigital.co/ranked-top-7-mechanic-seo-solutions-high-intent-traffic/, https://itzdigital.co/the-cost-of-digital-marketing-for-modern-mechanics-auto-shops/, https://itzdigital.co/mechanic-marketing-secrets-tips-to-fill-your-service-bays-fast/","NO text in image, NO competitors, NO low-lighting",800-647-6917,ITZ Digital,"Provide a complete industry breakdown itemizing transparency regarding the financial metrics, standard pricing ranges, and ROI expectations for executing high-efficiency Mechanic SEO. Highlight how ITZ Digital designs transparent, scalable billing profiles that eliminate marketing waste, contrasting hidden management fees vs results-oriented asset tracking."
Tier 18,New Content,Not Started,Page,Blogs,Tips/Guides,Mechanic,SEO,Nationwide,,,,,,Maximizing Conversion Rates: Key Mechanic SEO Blueprints,Ready for blog generation,,03-Sep-2026,September 2026,https://itzdigital.co/blog/maximizing-conversion-rates-key-mechanic-seo-blueprints,Nationwide,SEO,"mechanic seo investment, digital marketing for mechanic, scale mechanic online, mechanic customer acquisition","https://itzdigital.co/, https://itzdigital.co/services/seo/, https://itzdigital.co/ranked-top-7-mechanic-seo-solutions-high-intent-traffic/, https://itzdigital.co/the-cost-of-digital-marketing-for-modern-mechanics-auto-shops/, https://itzdigital.co/mechanic-marketing-secrets-tips-to-fill-your-service-bays-fast/","NO text in image, NO competitors, NO low-lighting",800-647-6917,ITZ Digital,"Provide a strategic operational playbook with actionable operational blueprints and growth checklists for modern Mechanic platforms running SEO. Emphasize ITZ Digital's proprietary methodologies in user behavior mapping, automated lead capturing cascades, and custom audience segmentation configurations."
Tier 18,New Content,Not Started,Page,Blogs,Cost,Mechanic,Google Ads,Nationwide,,,,,,How Much Does Mechanic Google Ads Cost? Pricing and ROI Analysis,Ready for blog generation,,03-Sep-2026,September 2026,https://itzdigital.co/blog/how-much-does-mechanic-google-ads-cost-pricing-and-roi-analysis,Nationwide,Google Ads,"mechanic google ads investment, digital marketing for mechanic, scale mechanic online, mechanic customer acquisition","https://itzdigital.co/, https://itzdigital.co/services/google-ads/, https://itzdigital.co/the-cost-of-digital-marketing-for-modern-mechanics-auto-shops/, https://itzdigital.co/mechanic-marketing-secrets-tips-to-fill-your-service-bays-fast/, https://itzdigital.co/top-6-mechanic-digital-market-agency-core-partners-vetted-roi/","NO text in image, NO competitors, NO low-lighting",800-647-6917,ITZ Digital,"Provide a complete industry breakdown itemizing transparency regarding the financial metrics, standard pricing ranges, and ROI expectations for executing high-efficiency Mechanic Google Ads. Highlight how ITZ Digital designs transparent, scalable billing profiles that eliminate marketing waste, contrasting hidden management fees vs results-oriented asset tracking."
Tier 18,New Content,Not Started,Page,Blogs,Tips/Guides,Mechanic,Google Ads,Nationwide,,,,,,How to Optimize Mechanic Google Ads for High-ROI Acquisition,Ready for blog generation,,03-Sep-2026,September 2026,https://itzdigital.co/blog/how-to-optimize-mechanic-google-ads-for-highroi-acquisition,Nationwide,Google Ads,"mechanic google ads investment, digital marketing for mechanic, scale mechanic online, mechanic customer acquisition","https://itzdigital.co/, https://itzdigital.co/services/google-ads/, https://itzdigital.co/the-cost-of-digital-marketing-for-modern-mechanics-auto-shops/, https://itzdigital.co/mechanic-marketing-secrets-tips-to-fill-your-service-bays-fast/, https://itzdigital.co/top-6-mechanic-digital-market-agency-core-partners-vetted-roi/","NO text in image, NO competitors, NO low-lighting",800-647-6917,ITZ Digital,"Provide a strategic operational playbook with actionable operational blueprints and growth checklists for modern Mechanic platforms running Google Ads. Emphasize ITZ Digital's proprietary methodologies in user behavior mapping, automated lead capturing cascades, and custom audience segmentation configurations."
Tier 18,New Content,Not Started,Page,Blogs,Cost,Mechanic,Meta Ads,Nationwide,,,,,,Breaking Down the Real Financial Cost of Mechanic Meta Ads,Ready for blog generation,,03-Sep-2026,September 2026,https://itzdigital.co/blog/breaking-down-the-real-financial-cost-of-mechanic-meta-ads,Nationwide,Meta Ads,"mechanic meta ads investment, digital marketing for mechanic, scale mechanic online, mechanic customer acquisition","https://itzdigital.co/, https://itzdigital.co/services/meta-ads/, https://itzdigital.co/the-cost-of-digital-marketing-for-modern-mechanics-auto-shops/, https://itzdigital.co/mechanic-marketing-secrets-tips-to-fill-your-service-bays-fast/, https://itzdigital.co/top-6-mechanic-digital-market-agency-core-partners-vetted-roi/","NO text in image, NO competitors, NO low-lighting",800-647-6917,ITZ Digital,"Provide a complete industry breakdown itemizing transparency regarding the financial metrics, standard pricing ranges, and ROI expectations for executing high-efficiency Mechanic Meta Ads. Highlight how ITZ Digital designs transparent, scalable billing profiles that eliminate marketing waste, contrasting hidden management fees vs results-oriented asset tracking."
Tier 18,New Content,Not Started,Page,Blogs,Tips/Guides,Mechanic,Meta Ads,Nationwide,,,,,,Proven Mechanic Meta Ads Blueprints for Accelerating Growth,Ready for blog generation,,03-Sep-2026,September 2026,https://itzdigital.co/blog/proven-mechanic-meta-ads-blueprints-for-accelerating-growth,Nationwide,Meta Ads,"mechanic meta ads investment, digital marketing for mechanic, scale mechanic online, mechanic customer acquisition","https://itzdigital.co/, https://itzdigital.co/services/meta-ads/, https://itzdigital.co/the-cost-of-digital-marketing-for-modern-mechanics-auto-shops/, https://itzdigital.co/mechanic-marketing-secrets-tips-to-fill-your-service-bays-fast/, https://itzdigital.co/top-6-mechanic-digital-market-agency-core-partners-vetted-roi/","NO text in image, NO competitors, NO low-lighting",800-647-6917,ITZ Digital,"Provide a strategic operational playbook with actionable operational blueprints and growth checklists for modern Mechanic platforms running Meta Ads. Emphasize ITZ Digital's proprietary methodologies in user behavior mapping, automated lead capturing cascades, and custom audience segmentation configurations."
Tier 18,New Content,Not Started,Page,Blogs,Cost,Mechanic,Web Design,Nationwide,,,,,,A Data-Driven Breakdown of Modern Mechanic Web Design Budgets,Ready for blog generation,,04-Sep-2026,September 2026,https://itzdigital.co/blog/a-datadriven-breakdown-of-modern-mechanic-web-design-budgets,Nationwide,Web Design,"mechanic web design investment, digital marketing for mechanic, scale mechanic online, mechanic customer acquisition","https://itzdigital.co/, https://itzdigital.co/services/website-design/, https://itzdigital.co/the-cost-of-digital-marketing-for-modern-mechanics-auto-shops/, https://itzdigital.co/mechanic-marketing-secrets-tips-to-fill-your-service-bays-fast/, https://itzdigital.co/top-6-mechanic-digital-market-agency-core-partners-vetted-roi/","NO text in image, NO competitors, NO low-lighting",800-647-6917,ITZ Digital,"Provide a complete industry breakdown itemizing transparency regarding the financial metrics, standard pricing ranges, and ROI expectations for executing high-efficiency Mechanic Web Design. Highlight how ITZ Digital designs transparent, scalable billing profiles that eliminate marketing waste, contrasting hidden management fees vs results-oriented asset tracking."
Tier 18,New Content,Not Started,Page,Blogs,Tips/Guides,Mechanic,Web Design,Nationwide,,,,,,Advanced Mechanic Web Design Techniques to Dominate the Market Space,Ready for blog generation,,04-Sep-2026,September 2026,https://itzdigital.co/blog/advanced-mechanic-web-design-techniques-to-dominate-the-market-space,Nationwide,Web Design,"mechanic web design investment, digital marketing for mechanic, scale mechanic online, mechanic customer acquisition","https://itzdigital.co/, https://itzdigital.co/services/website-design/, https://itzdigital.co/the-cost-of-digital-marketing-for-modern-mechanics-auto-shops/, https://itzdigital.co/mechanic-marketing-secrets-tips-to-fill-your-service-bays-fast/, https://itzdigital.co/top-6-mechanic-digital-market-agency-core-partners-vetted-roi/","NO text in image, NO competitors, NO low-lighting",800-647-6917,ITZ Digital,"Provide a strategic operational playbook with actionable operational blueprints and growth checklists for modern Mechanic platforms running Web Design. Emphasize ITZ Digital's proprietary methodologies in user behavior mapping, automated lead capturing cascades, and custom audience segmentation configurations."
Tier 18,New Content,Not Started,Page,Blogs,Cost,Med Spa,SEO,Nationwide,,,,,,How Much Does Med Spa SEO Cost? Pricing and ROI Analysis,Ready for blog generation,,04-Sep-2026,September 2026,https://itzdigital.co/blog/how-much-does-med-spa-seo-cost-pricing-and-roi-analysis,Nationwide,SEO,"med spa seo investment, digital marketing for med spa, scale med spa online, med spa customer acquisition","https://itzdigital.co/, https://itzdigital.co/services/seo/, https://itzdigital.co/leading-pool-spa-seo-agencies-for-high-end-leads/, https://itzdigital.co/5-best-restoration-seo-partners-to-scale-your-water-damage-leads/, https://itzdigital.co/real-estate-seo-cost-investing-in-long-term-lead-authority/","NO text in image, NO competitors, NO low-lighting, NO exaggerated faces",800-647-6917,ITZ Digital,"Provide a complete industry breakdown itemizing transparency regarding the financial metrics, standard pricing ranges, and ROI expectations for executing high-efficiency Med Spa SEO. Highlight how ITZ Digital designs transparent, scalable billing profiles that eliminate marketing waste, contrasting hidden management fees vs results-oriented asset tracking."
Tier 18,New Content,Not Started,Page,Blogs,Tips/Guides,Med Spa,SEO,Nationwide,,,,,,Maximizing Conversion Rates: Key Med Spa SEO Blueprints,Ready for blog generation,,04-Sep-2026,September 2026,https://itzdigital.co/blog/maximizing-conversion-rates-key-med-spa-seo-blueprints,Nationwide,SEO,"med spa seo investment, digital marketing for med spa, scale med spa online, med spa customer acquisition","https://itzdigital.co/, https://itzdigital.co/services/seo/, https://itzdigital.co/leading-pool-spa-seo-agencies-for-high-end-leads/, https://itzdigital.co/5-best-restoration-seo-partners-to-scale-your-water-damage-leads/, https://itzdigital.co/real-estate-seo-cost-investing-in-long-term-lead-authority/","NO text in image, NO competitors, NO low-lighting, NO exaggerated faces",800-647-6917,ITZ Digital,"Provide a strategic operational playbook with actionable operational blueprints and growth checklists for modern Med Spa platforms running SEO. Emphasize ITZ Digital's proprietary methodologies in user behavior mapping, automated lead capturing cascades, and custom audience segmentation configurations."
Tier 18,New Content,Not Started,Page,Blogs,Cost,Med Spa,Google Ads,Nationwide,,,,,,Breaking Down the Real Financial Cost of Med Spa Google Ads,Ready for blog generation,,04-Sep-2026,September 2026,https://itzdigital.co/blog/breaking-down-the-real-financial-cost-of-med-spa-google-ads,Nationwide,Google Ads,"med spa google ads investment, digital marketing for med spa, scale med spa online, med spa customer acquisition","https://itzdigital.co/, https://itzdigital.co/services/google-ads/, https://itzdigital.co/services/, https://itzdigital.co/case-studies/', 'https://itzdigital.co/faqs/","NO text in image, NO competitors, NO low-lighting, NO exaggerated faces",800-647-6917,ITZ Digital,"Provide a complete industry breakdown itemizing transparency regarding the financial metrics, standard pricing ranges, and ROI expectations for executing high-efficiency Med Spa Google Ads. Highlight how ITZ Digital designs transparent, scalable billing profiles that eliminate marketing waste, contrasting hidden management fees vs results-oriented asset tracking."
Tier 18,New Content,Not Started,Page,Blogs,Tips/Guides,Med Spa,Google Ads,Nationwide,,,,,,How to Optimize Med Spa Google Ads for High-ROI Acquisition,Ready for blog generation,,05-Sep-2026,September 2026,https://itzdigital.co/blog/how-to-optimize-med-spa-google-ads-for-highroi-acquisition,Nationwide,Google Ads,"med spa google ads investment, digital marketing for med spa, scale med spa online, med spa customer acquisition","https://itzdigital.co/, https://itzdigital.co/services/google-ads/, https://itzdigital.co/services/, https://itzdigital.co/case-studies/', 'https://itzdigital.co/faqs/","NO text in image, NO competitors, NO low-lighting, NO exaggerated faces",800-647-6917,ITZ Digital,"Provide a strategic operational playbook with actionable operational blueprints and growth checklists for modern Med Spa platforms running Google Ads. Emphasize ITZ Digital's proprietary methodologies in user behavior mapping, automated lead capturing cascades, and custom audience segmentation configurations."
Tier 18,New Content,Not Started,Page,Blogs,Cost,Med Spa,Meta Ads,Nationwide,,,,,,A Data-Driven Breakdown of Modern Med Spa Meta Ads Budgets,Ready for blog generation,,05-Sep-2026,September 2026,https://itzdigital.co/blog/a-datadriven-breakdown-of-modern-med-spa-meta-ads-budgets,Nationwide,Meta Ads,"med spa meta ads investment, digital marketing for med spa, scale med spa online, med spa customer acquisition","https://itzdigital.co/, https://itzdigital.co/services/meta-ads/, https://itzdigital.co/services/, https://itzdigital.co/case-studies/', 'https://itzdigital.co/faqs/","NO text in image, NO competitors, NO low-lighting, NO exaggerated faces",800-647-6917,ITZ Digital,"Provide a complete industry breakdown itemizing transparency regarding the financial metrics, standard pricing ranges, and ROI expectations for executing high-efficiency Med Spa Meta Ads. Highlight how ITZ Digital designs transparent, scalable billing profiles that eliminate marketing waste, contrasting hidden management fees vs results-oriented asset tracking."
Tier 18,New Content,Not Started,Page,Blogs,Tips/Guides,Med Spa,Meta Ads,Nationwide,,,,,,Proven Med Spa Meta Ads Blueprints for Accelerating Growth,Ready for blog generation,,05-Sep-2026,September 2026,https://itzdigital.co/blog/proven-med-spa-meta-ads-blueprints-for-accelerating-growth,Nationwide,Meta Ads,"med spa meta ads investment, digital marketing for med spa, scale med spa online, med spa customer acquisition","https://itzdigital.co/, https://itzdigital.co/services/meta-ads/, https://itzdigital.co/services/, https://itzdigital.co/case-studies/', 'https://itzdigital.co/faqs/","NO text in image, NO competitors, NO low-lighting, NO exaggerated faces",800-647-6917,ITZ Digital,"Provide a strategic operational playbook with actionable operational blueprints and growth checklists for modern Med Spa platforms running Meta Ads. Emphasize ITZ Digital's proprietary methodologies in user behavior mapping, automated lead capturing cascades, and custom audience segmentation configurations."
Tier 18,New Content,Not Started,Page,Blogs,Cost,Med Spa,Web Design,Nationwide,,,,,,How Much Does Med Spa Web Design Cost? Pricing and ROI Analysis,Ready for blog generation,,05-Sep-2026,September 2026,https://itzdigital.co/blog/how-much-does-med-spa-web-design-cost-pricing-and-roi-analysis,Nationwide,Web Design,"med spa web design investment, digital marketing for med spa, scale med spa online, med spa customer acquisition","https://itzdigital.co/, https://itzdigital.co/services/website-design/, https://itzdigital.co/services/, https://itzdigital.co/case-studies/', 'https://itzdigital.co/faqs/","NO text in image, NO competitors, NO low-lighting, NO exaggerated faces",800-647-6917,ITZ Digital,"Provide a complete industry breakdown itemizing transparency regarding the financial metrics, standard pricing ranges, and ROI expectations for executing high-efficiency Med Spa Web Design. Highlight how ITZ Digital designs transparent, scalable billing profiles that eliminate marketing waste, contrasting hidden management fees vs results-oriented asset tracking."
Tier 18,New Content,Not Started,Page,Blogs,Tips/Guides,Med Spa,Web Design,Nationwide,,,,,,Advanced Med Spa Web Design Techniques to Dominate the Market Space,Ready for blog generation,,05-Sep-2026,September 2026,https://itzdigital.co/blog/advanced-med-spa-web-design-techniques-to-dominate-the-market-space,Nationwide,Web Design,"med spa web design investment, digital marketing for med spa, scale med spa online, med spa customer acquisition","https://itzdigital.co/, https://itzdigital.co/services/website-design/, https://itzdigital.co/services/, https://itzdigital.co/case-studies/', 'https://itzdigital.co/faqs/","NO text in image, NO competitors, NO low-lighting, NO exaggerated faces",800-647-6917,ITZ Digital,"Provide a strategic operational playbook with actionable operational blueprints and growth checklists for modern Med Spa platforms running Web Design. Emphasize ITZ Digital's proprietary methodologies in user behavior mapping, automated lead capturing cascades, and custom audience segmentation configurations."
Tier 18,New Content,Not Started,Page,Blogs,Cost,Personal Injury Law,SEO,Nationwide,,,,,,Breaking Down the Real Financial Cost of Personal Injury Law SEO,Ready for blog generation,,06-Sep-2026,September 2026,https://itzdigital.co/blog/breaking-down-the-real-financial-cost-of-personal-injury-law-seo,Nationwide,SEO,"personal injury law seo investment, digital marketing for personal injury law, scale personal injury law online, personal injury law customer acquisition","https://itzdigital.co/, https://itzdigital.co/services/seo/, https://itzdigital.co/leading-pool-spa-seo-agencies-for-high-end-leads/, https://itzdigital.co/5-best-restoration-seo-partners-to-scale-your-water-damage-leads/, https://itzdigital.co/real-estate-seo-cost-investing-in-long-term-lead-authority/","NO text overlays, NO text in image, NO competitors, NO low-lighting",800-647-6917,ITZ Digital,"Provide a complete industry breakdown itemizing transparency regarding the financial metrics, standard pricing ranges, and ROI expectations for executing high-efficiency Personal Injury Law SEO. Highlight how ITZ Digital designs transparent, scalable billing profiles that eliminate marketing waste, contrasting hidden management fees vs results-oriented asset tracking."
Tier 18,New Content,Not Started,Page,Blogs,Tips/Guides,Personal Injury Law,SEO,Nationwide,,,,,,Maximizing Conversion Rates: Key Personal Injury Law SEO Blueprints,Ready for blog generation,,06-Sep-2026,September 2026,https://itzdigital.co/blog/maximizing-conversion-rates-key-personal-injury-law-seo-blueprints,Nationwide,SEO,"personal injury law seo investment, digital marketing for personal injury law, scale personal injury law online, personal injury law customer acquisition","https://itzdigital.co/, https://itzdigital.co/services/seo/, https://itzdigital.co/leading-pool-spa-seo-agencies-for-high-end-leads/, https://itzdigital.co/5-best-restoration-seo-partners-to-scale-your-water-damage-leads/, https://itzdigital.co/real-estate-seo-cost-investing-in-long-term-lead-authority/","NO text overlays, NO text in image, NO competitors, NO low-lighting",800-647-6917,ITZ Digital,"Provide a strategic operational playbook with actionable operational blueprints and growth checklists for modern Personal Injury Law platforms running SEO. Emphasize ITZ Digital's proprietary methodologies in user behavior mapping, automated lead capturing cascades, and custom audience segmentation configurations."
Tier 18,New Content,Not Started,Page,Blogs,Cost,Personal Injury Law,Google Ads,Nationwide,,,,,,A Data-Driven Breakdown of Modern Personal Injury Law Google Ads Budgets,Ready for blog generation,,06-Sep-2026,September 2026,https://itzdigital.co/blog/a-datadriven-breakdown-of-modern-personal-injury-law-google-ads-budgets,Nationwide,Google Ads,"personal injury law google ads investment, digital marketing for personal injury law, scale personal injury law online, personal injury law customer acquisition","https://itzdigital.co/, https://itzdigital.co/services/google-ads/, https://itzdigital.co/services/, https://itzdigital.co/case-studies/, https://itzdigital.co/faqs/","NO text overlays, NO text in image, NO competitors, NO low-lighting",800-647-6917,ITZ Digital,"Provide a complete industry breakdown itemizing transparency regarding the financial metrics, standard pricing ranges, and ROI expectations for executing high-efficiency Personal Injury Law Google Ads. Highlight how ITZ Digital designs transparent, scalable billing profiles that eliminate marketing waste, contrasting hidden management fees vs results-oriented asset tracking."
Tier 18,New Content,Not Started,Page,Blogs,Tips/Guides,Personal Injury Law,Google Ads,Nationwide,,,,,,How to Optimize Personal Injury Law Google Ads for High-ROI Acquisition,Ready for blog generation,,06-Sep-2026,September 2026,https://itzdigital.co/blog/how-to-optimize-personal-injury-law-google-ads-for-highroi-acquisition,Nationwide,Google Ads,"personal injury law google ads investment, digital marketing for personal injury law, scale personal injury law online, personal injury law customer acquisition","https://itzdigital.co/, https://itzdigital.co/services/google-ads/, https://itzdigital.co/services/, https://itzdigital.co/case-studies/, https://itzdigital.co/faqs/","NO text overlays, NO text in image, NO competitors, NO low-lighting",800-647-6917,ITZ Digital,"Provide a strategic operational playbook with actionable operational blueprints and growth checklists for modern Personal Injury Law platforms running Google Ads. Emphasize ITZ Digital's proprietary methodologies in user behavior mapping, automated lead capturing cascades, and custom audience segmentation configurations."
Tier 19,New Content,Not Started,Page,Blogs,Cost,Personal Injury Law,Meta Ads,Nationwide,,,,,,How Much Does Personal Injury Law Meta Ads Cost? Pricing and ROI Analysis,Ready for blog generation,,06-Sep-2026,September 2026,https://itzdigital.co/blog/how-much-does-personal-injury-law-meta-ads-cost-pricing-and-roi-analysis,Nationwide,Meta Ads,"personal injury law meta ads investment, digital marketing for personal injury law, scale personal injury law online, personal injury law customer acquisition","https://itzdigital.co/, https://itzdigital.co/services/meta-ads/, https://itzdigital.co/services/, https://itzdigital.co/case-studies/, https://itzdigital.co/faqs/","NO text overlays, NO text in image, NO competitors, NO low-lighting",800-647-6917,ITZ Digital,"Provide a complete industry breakdown itemizing transparency regarding the financial metrics, standard pricing ranges, and ROI expectations for executing high-efficiency Personal Injury Law Meta Ads. Highlight how ITZ Digital designs transparent, scalable billing profiles that eliminate marketing waste, contrasting hidden management fees vs results-oriented asset tracking."
Tier 19,New Content,Not Started,Page,Blogs,Tips/Guides,Personal Injury Law,Meta Ads,Nationwide,,,,,,Proven Personal Injury Law Meta Ads Blueprints for Accelerating Growth,Ready for blog generation,,07-Sep-2026,September 2026,https://itzdigital.co/blog/proven-personal-injury-law-meta-ads-blueprints-for-accelerating-growth,Nationwide,Meta Ads,"personal injury law meta ads investment, digital marketing for personal injury law, scale personal injury law online, personal injury law customer acquisition","https://itzdigital.co/, https://itzdigital.co/services/meta-ads/, https://itzdigital.co/services/, https://itzdigital.co/case-studies/, https://itzdigital.co/faqs/","NO text overlays, NO text in image, NO competitors, NO low-lighting",800-647-6917,ITZ Digital,"Provide a strategic operational playbook with actionable operational blueprints and growth checklists for modern Personal Injury Law platforms running Meta Ads. Emphasize ITZ Digital's proprietary methodologies in user behavior mapping, automated lead capturing cascades, and custom audience segmentation configurations."
Tier 19,New Content,Not Started,Page,Blogs,Cost,Personal Injury Law,Web Design,Nationwide,,,,,,Breaking Down the Real Financial Cost of Personal Injury Law Web Design,Ready for blog generation,,07-Sep-2026,September 2026,https://itzdigital.co/blog/breaking-down-the-real-financial-cost-of-personal-injury-law-web-design,Nationwide,Web Design,"personal injury law web design investment, digital marketing for personal injury law, scale personal injury law online, personal injury law customer acquisition","https://itzdigital.co/, https://itzdigital.co/services/website-design/, https://itzdigital.co/services/, https://itzdigital.co/case-studies/, https://itzdigital.co/faqs/","NO text overlays, NO text in image, NO competitors, NO low-lighting",800-647-6917,ITZ Digital,"Provide a complete industry breakdown itemizing transparency regarding the financial metrics, standard pricing ranges, and ROI expectations for executing high-efficiency Personal Injury Law Web Design. Highlight how ITZ Digital designs transparent, scalable billing profiles that eliminate marketing waste, contrasting hidden management fees vs results-oriented asset tracking."
Tier 19,New Content,Not Started,Page,Blogs,Tips/Guides,Personal Injury Law,Web Design,Nationwide,,,,,,Advanced Personal Injury Law Web Design Techniques to Dominate the Market Space,Ready for blog generation,,07-Sep-2026,September 2026,https://itzdigital.co/blog/advanced-personal-injury-law-web-design-techniques-to-dominate-the-market-space,Nationwide,Web Design,"personal injury law web design investment, digital marketing for personal injury law, scale personal injury law online, personal injury law customer acquisition","https://itzdigital.co/, https://itzdigital.co/services/website-design/, https://itzdigital.co/services/, https://itzdigital.co/case-studies/, https://itzdigital.co/faqs/","NO text overlays, NO text in image, NO competitors, NO low-lighting",800-647-6917,ITZ Digital,"Provide a strategic operational playbook with actionable operational blueprints and growth checklists for modern Personal Injury Law platforms running Web Design. Emphasize ITZ Digital's proprietary methodologies in user behavior mapping, automated lead capturing cascades, and custom audience segmentation configurations."
Tier 19,New Content,Not Started,Page,Blogs,Cost,Physical Therapy,SEO,Nationwide,,,,,,A Data-Driven Breakdown of Modern Physical Therapy SEO Budgets,Ready for blog generation,,07-Sep-2026,September 2026,https://itzdigital.co/blog/a-datadriven-breakdown-of-modern-physical-therapy-seo-budgets,Nationwide,SEO,"physical therapy seo investment, digital marketing for physical therapy, scale physical therapy online, physical therapy customer acquisition","https://itzdigital.co/, https://itzdigital.co/services/seo/, https://itzdigital.co/leading-pool-spa-seo-agencies-for-high-end-leads/, https://itzdigital.co/5-best-restoration-seo-partners-to-scale-your-water-damage-leads/, https://itzdigital.co/real-estate-seo-cost-investing-in-long-term-lead-authority/","NO text in image, NO competitors, NO low-lighting",800-647-6917,ITZ Digital,"Provide a complete industry breakdown itemizing transparency regarding the financial metrics, standard pricing ranges, and ROI expectations for executing high-efficiency Physical Therapy SEO. Highlight how ITZ Digital designs transparent, scalable billing profiles that eliminate marketing waste, contrasting hidden management fees vs results-oriented asset tracking."
Tier 19,New Content,Not Started,Page,Blogs,Tips/Guides,Physical Therapy,SEO,Nationwide,,,,,,Maximizing Conversion Rates: Key Physical Therapy SEO Blueprints,Ready for blog generation,,07-Sep-2026,September 2026,https://itzdigital.co/blog/maximizing-conversion-rates-key-physical-therapy-seo-blueprints,Nationwide,SEO,"physical therapy seo investment, digital marketing for physical therapy, scale physical therapy online, physical therapy customer acquisition","https://itzdigital.co/, https://itzdigital.co/services/seo/, https://itzdigital.co/leading-pool-spa-seo-agencies-for-high-end-leads/, https://itzdigital.co/5-best-restoration-seo-partners-to-scale-your-water-damage-leads/, https://itzdigital.co/real-estate-seo-cost-investing-in-long-term-lead-authority/","NO text in image, NO competitors, NO low-lighting",800-647-6917,ITZ Digital,"Provide a strategic operational playbook with actionable operational blueprints and growth checklists for modern Physical Therapy platforms running SEO. Emphasize ITZ Digital's proprietary methodologies in user behavior mapping, automated lead capturing cascades, and custom audience segmentation configurations."
Tier 19,New Content,Not Started,Page,Blogs,Cost,Physical Therapy,Google Ads,Nationwide,,,,,,How Much Does Physical Therapy Google Ads Cost? Pricing and ROI Analysis,Ready for blog generation,,08-Sep-2026,September 2026,https://itzdigital.co/blog/how-much-does-physical-therapy-google-ads-cost-pricing-and-roi-analysis,Nationwide,Google Ads,"physical therapy google ads investment, digital marketing for physical therapy, scale physical therapy online, physical therapy customer acquisition","https://itzdigital.co/, https://itzdigital.co/services/google-ads/, https://itzdigital.co/services/, https://itzdigital.co/case-studies/, https://itzdigital.co/faqs/","NO text in image, NO competitors, NO low-lighting",800-647-6917,ITZ Digital,"Provide a complete industry breakdown itemizing transparency regarding the financial metrics, standard pricing ranges, and ROI expectations for executing high-efficiency Physical Therapy Google Ads. Highlight how ITZ Digital designs transparent, scalable billing profiles that eliminate marketing waste, contrasting hidden management fees vs results-oriented asset tracking."
Tier 19,New Content,Not Started,Page,Blogs,Tips/Guides,Physical Therapy,Google Ads,Nationwide,,,,,,How to Optimize Physical Therapy Google Ads for High-ROI Acquisition,Ready for blog generation,,08-Sep-2026,September 2026,https://itzdigital.co/blog/how-to-optimize-physical-therapy-google-ads-for-highroi-acquisition,Nationwide,Google Ads,"physical therapy google ads investment, digital marketing for physical therapy, scale physical therapy online, physical therapy customer acquisition","https://itzdigital.co/, https://itzdigital.co/services/google-ads/, https://itzdigital.co/services/, https://itzdigital.co/case-studies/, https://itzdigital.co/faqs/","NO text in image, NO competitors, NO low-lighting",800-647-6917,ITZ Digital,"Provide a strategic operational playbook with actionable operational blueprints and growth checklists for modern Physical Therapy platforms running Google Ads. Emphasize ITZ Digital's proprietary methodologies in user behavior mapping, automated lead capturing cascades, and custom audience segmentation configurations."
Tier 19,New Content,Not Started,Page,Blogs,Cost,Physical Therapy,Meta Ads,Nationwide,,,,,,Breaking Down the Real Financial Cost of Physical Therapy Meta Ads,Ready for blog generation,,08-Sep-2026,September 2026,https://itzdigital.co/blog/breaking-down-the-real-financial-cost-of-physical-therapy-meta-ads,Nationwide,Meta Ads,"physical therapy meta ads investment, digital marketing for physical therapy, scale physical therapy online, physical therapy customer acquisition","https://itzdigital.co/, https://itzdigital.co/services/meta-ads/, https://itzdigital.co/services/, https://itzdigital.co/case-studies/, https://itzdigital.co/faqs/","NO text in image, NO competitors, NO low-lighting",800-647-6917,ITZ Digital,"Provide a complete industry breakdown itemizing transparency regarding the financial metrics, standard pricing ranges, and ROI expectations for executing high-efficiency Physical Therapy Meta Ads. Highlight how ITZ Digital designs transparent, scalable billing profiles that eliminate marketing waste, contrasting hidden management fees vs results-oriented asset tracking."
Tier 19,New Content,Not Started,Page,Blogs,Tips/Guides,Physical Therapy,Meta Ads,Nationwide,,,,,,Proven Physical Therapy Meta Ads Blueprints for Accelerating Growth,Ready for blog generation,,08-Sep-2026,September 2026,https://itzdigital.co/blog/proven-physical-therapy-meta-ads-blueprints-for-accelerating-growth,Nationwide,Meta Ads,"physical therapy meta ads investment, digital marketing for physical therapy, scale physical therapy online, physical therapy customer acquisition","https://itzdigital.co/, https://itzdigital.co/services/meta-ads/, https://itzdigital.co/services/, https://itzdigital.co/case-studies/, https://itzdigital.co/faqs/","NO text in image, NO competitors, NO low-lighting",800-647-6917,ITZ Digital,"Provide a strategic operational playbook with actionable operational blueprints and growth checklists for modern Physical Therapy platforms running Meta Ads. Emphasize ITZ Digital's proprietary methodologies in user behavior mapping, automated lead capturing cascades, and custom audience segmentation configurations."
Tier 19,New Content,Not Started,Page,Blogs,Cost,Physical Therapy,Web Design,Nationwide,,,,,,A Data-Driven Breakdown of Modern Physical Therapy Web Design Budgets,Ready for blog generation,,08-Sep-2026,September 2026,https://itzdigital.co/blog/a-datadriven-breakdown-of-modern-physical-therapy-web-design-budgets,Nationwide,Web Design,"physical therapy web design investment, digital marketing for physical therapy, scale physical therapy online, physical therapy customer acquisition","https://itzdigital.co/, https://itzdigital.co/services/website-design/, https://itzdigital.co/services/, https://itzdigital.co/case-studies/, https://itzdigital.co/faqs/","NO text in image, NO competitors, NO low-lighting",800-647-6917,ITZ Digital,"Provide a complete industry breakdown itemizing transparency regarding the financial metrics, standard pricing ranges, and ROI expectations for executing high-efficiency Physical Therapy Web Design. Highlight how ITZ Digital designs transparent, scalable billing profiles that eliminate marketing waste, contrasting hidden management fees vs results-oriented asset tracking."
Tier 19,New Content,Not Started,Page,Blogs,Tips/Guides,Physical Therapy,Web Design,Nationwide,,,,,,Advanced Physical Therapy Web Design Techniques to Dominate the Market Space,Ready for blog generation,,09-Sep-2026,September 2026,https://itzdigital.co/blog/advanced-physical-therapy-web-design-techniques-to-dominate-the-market-space,Nationwide,Web Design,"physical therapy web design investment, digital marketing for physical therapy, scale physical therapy online, physical therapy customer acquisition","https://itzdigital.co/, https://itzdigital.co/services/website-design/, https://itzdigital.co/services/, https://itzdigital.co/case-studies/, https://itzdigital.co/faqs/","NO text in image, NO competitors, NO low-lighting",800-647-6917,ITZ Digital,"Provide a strategic operational playbook with actionable operational blueprints and growth checklists for modern Physical Therapy platforms running Web Design. Emphasize ITZ Digital's proprietary methodologies in user behavior mapping, automated lead capturing cascades, and custom audience segmentation configurations."
Tier 19,New Content,Not Started,Page,Blogs,Cost,Plumbers,Meta Ads,Nationwide,,,,,,How Much Does Plumbers Meta Ads Cost? Pricing and ROI Analysis,Ready for blog generation,,09-Sep-2026,September 2026,https://itzdigital.co/blog/how-much-does-plumbers-meta-ads-cost-pricing-and-roi-analysis,Nationwide,Meta Ads,"plumbers meta ads investment, digital marketing for plumbers, scale plumbers online, plumbers customer acquisition","https://itzdigital.co/, https://itzdigital.co/services/meta-ads/, https://itzdigital.co/5-best-marketing-partners-for-local-plumbers-boost-your-lead-flow/, https://itzdigital.co/6-proven-seo-strategies-for-plumbers-companies-to-dominate-search-results/, https://itzdigital.co/5-high-conversion-google-ads-tactics-every-plumbers-business-needs/","NO text in image, NO competitors, NO low-lighting",800-647-6917,ITZ Digital,"Provide a complete industry breakdown itemizing transparency regarding the financial metrics, standard pricing ranges, and ROI expectations for executing high-efficiency Plumbers Meta Ads. Highlight how ITZ Digital designs transparent, scalable billing profiles that eliminate marketing waste, contrasting hidden management fees vs results-oriented asset tracking."
Tier 19,New Content,Not Started,Page,Blogs,Tips/Guides,Plumbers,Meta Ads,Nationwide,,,,,,Maximizing Conversion Rates: Key Plumbers Meta Ads Blueprints,Ready for blog generation,,09-Sep-2026,September 2026,https://itzdigital.co/blog/maximizing-conversion-rates-key-plumbers-meta-ads-blueprints,Nationwide,Meta Ads,"plumbers meta ads investment, digital marketing for plumbers, scale plumbers online, plumbers customer acquisition","https://itzdigital.co/, https://itzdigital.co/services/meta-ads/, https://itzdigital.co/5-best-marketing-partners-for-local-plumbers-boost-your-lead-flow/, https://itzdigital.co/6-proven-seo-strategies-for-plumbers-companies-to-dominate-search-results/, https://itzdigital.co/5-high-conversion-google-ads-tactics-every-plumbers-business-needs/","NO text in image, NO competitors, NO low-lighting",800-647-6917,ITZ Digital,"Provide a strategic operational playbook with actionable operational blueprints and growth checklists for modern Plumbers platforms running Meta Ads. Emphasize ITZ Digital's proprietary methodologies in user behavior mapping, automated lead capturing cascades, and custom audience segmentation configurations."
Tier 19,New Content,Not Started,Page,Blogs,Cost,Plumbers,Web Design,Nationwide,,,,,,Breaking Down the Real Financial Cost of Plumbers Web Design,Ready for blog generation,,09-Sep-2026,September 2026,https://itzdigital.co/blog/breaking-down-the-real-financial-cost-of-plumbers-web-design,Nationwide,Web Design,"plumbers web design investment, digital marketing for plumbers, scale plumbers online, plumbers customer acquisition","https://itzdigital.co/, https://itzdigital.co/services/website-design/, https://itzdigital.co/5-best-marketing-partners-for-local-plumbers-boost-your-lead-flow/, https://itzdigital.co/6-proven-seo-strategies-for-plumbers-companies-to-dominate-search-results/, https://itzdigital.co/5-high-conversion-google-ads-tactics-every-plumbers-business-needs/","NO text in image, NO competitors, NO low-lighting",800-647-6917,ITZ Digital,"Provide a complete industry breakdown itemizing transparency regarding the financial metrics, standard pricing ranges, and ROI expectations for executing high-efficiency Plumbers Web Design. Highlight how ITZ Digital designs transparent, scalable billing profiles that eliminate marketing waste, contrasting hidden management fees vs results-oriented asset tracking."
Tier 19,New Content,Not Started,Page,Blogs,Tips/Guides,Plumbers,Web Design,Nationwide,,,,,,How to Optimize Plumbers Web Design for High-ROI Acquisition,Ready for blog generation,,09-Sep-2026,September 2026,https://itzdigital.co/blog/how-to-optimize-plumbers-web-design-for-highroi-acquisition,Nationwide,Web Design,"plumbers web design investment, digital marketing for plumbers, scale plumbers online, plumbers customer acquisition","https://itzdigital.co/, https://itzdigital.co/services/website-design/, https://itzdigital.co/5-best-marketing-partners-for-local-plumbers-boost-your-lead-flow/, https://itzdigital.co/6-proven-seo-strategies-for-plumbers-companies-to-dominate-search-results/, https://itzdigital.co/5-high-conversion-google-ads-tactics-every-plumbers-business-needs/","NO text in image, NO competitors, NO low-lighting",800-647-6917,ITZ Digital,"Provide a strategic operational playbook with actionable operational blueprints and growth checklists for modern Plumbers platforms running Web Design. Emphasize ITZ Digital's proprietary methodologies in user behavior mapping, automated lead capturing cascades, and custom audience segmentation configurations."
Tier 19,New Content,Not Started,Page,Blogs,Cost,Property Management,SEO,Nationwide,,,,,,An Industry Analysis of Property Management SEO Pricing and Value,Ready for blog generation,,10-Sep-2026,September 2026,https://itzdigital.co/blog/an-industry-analysis-of-property-management-seo-pricing-and-value,Nationwide,SEO,"property management seo investment, digital marketing for property management, scale property management online, property management customer acquisition","https://itzdigital.co/, https://itzdigital.co/services/seo/, https://itzdigital.co/real-estate/, https://itzdigital.co/5-essential-property-management-marketing-tips-for-higher-occupancy-rates/, https://itzdigital.co/property-management-marketing-budgets-navigating-the-cost-of-high-value-leads/","NO text overlays, NO text in image, NO competitors, NO low-lighting, NO blurred listings",800-647-6917,ITZ Digital,"Provide a complete industry breakdown itemizing transparency regarding the financial metrics, standard pricing ranges, and ROI expectations for executing high-efficiency Property Management SEO. Highlight how ITZ Digital designs transparent, scalable billing profiles that eliminate marketing waste, contrasting hidden management fees vs results-oriented asset tracking."
Tier 19,New Content,Not Started,Page,Blogs,Tips/Guides,Property Management,SEO,Nationwide,,,,,,Proven Property Management SEO Blueprints for Accelerating Growth,Ready for blog generation,,10-Sep-2026,September 2026,https://itzdigital.co/blog/proven-property-management-seo-blueprints-for-accelerating-growth,Nationwide,SEO,"property management seo investment, digital marketing for property management, scale property management online, property management customer acquisition","https://itzdigital.co/, https://itzdigital.co/services/seo/, https://itzdigital.co/real-estate/, https://itzdigital.co/5-essential-property-management-marketing-tips-for-higher-occupancy-rates/, https://itzdigital.co/property-management-marketing-budgets-navigating-the-cost-of-high-value-leads/","NO text overlays, NO text in image, NO competitors, NO low-lighting, NO blurred listings",800-647-6917,ITZ Digital,"Provide a strategic operational playbook with actionable operational blueprints and growth checklists for modern Property Management platforms running SEO. Emphasize ITZ Digital's proprietary methodologies in user behavior mapping, automated lead capturing cascades, and custom audience segmentation configurations."
Tier 19,New Content,Not Started,Page,Blogs,Cost,Property Management,Google Ads,Nationwide,,,,,,Budgeting for Property Management Google Ads: Expected Investments and Strategy,Ready for blog generation,,10-Sep-2026,September 2026,https://itzdigital.co/blog/budgeting-for-property-management-google-ads-expected-investments-and-strategy,Nationwide,Google Ads,"property management google ads investment, digital marketing for property management, scale property management online, property management customer acquisition","https://itzdigital.co/, https://itzdigital.co/services/google-ads/, https://itzdigital.co/real-estate/, https://itzdigital.co/5-leading-property-management-google-ads-specialist-agencies-reviewed/, https://itzdigital.co/5-essential-property-management-marketing-tips-for-higher-occupancy-rates/","NO text overlays, NO text in image, NO competitors, NO low-lighting, NO blurred listings",800-647-6917,ITZ Digital,"Provide a complete industry breakdown itemizing transparency regarding the financial metrics, standard pricing ranges, and ROI expectations for executing high-efficiency Property Management Google Ads. Highlight how ITZ Digital designs transparent, scalable billing profiles that eliminate marketing waste, contrasting hidden management fees vs results-oriented asset tracking."
Tier 19,New Content,Not Started,Page,Blogs,Tips/Guides,Property Management,Google Ads,Nationwide,,,,,,The Ultimate Property Management Google Ads Strategy Guide to Win High-Intent Leads,Ready for blog generation,,10-Sep-2026,September 2026,https://itzdigital.co/blog/the-ultimate-property-management-google-ads-strategy-guide-to-win-high-intent-leads,Nationwide,Google Ads,"property management google ads investment, digital marketing for property management, scale property management online, property management customer acquisition","https://itzdigital.co/, https://itzdigital.co/services/google-ads/, https://itzdigital.co/real-estate/, https://itzdigital.co/5-leading-property-management-google-ads-specialist-agencies-reviewed/, https://itzdigital.co/5-essential-property-management-marketing-tips-for-higher-occupancy-rates/","NO text overlays, NO text in image, NO competitors, NO low-lighting, NO blurred listings",800-647-6917,ITZ Digital,"Provide a strategic operational playbook with actionable operational blueprints and growth checklists for modern Property Management platforms running Google Ads. Emphasize ITZ Digital's proprietary methodologies in user behavior mapping, automated lead capturing cascades, and custom audience segmentation configurations."
Tier 19,New Content,Not Started,Page,Blogs,Cost,Property Management,Meta Ads,Nationwide,,,,,,Breaking Down the Real Financial Cost of Property Management Meta Ads,Ready for blog generation,,10-Sep-2026,September 2026,https://itzdigital.co/blog/breaking-down-the-real-financial-cost-of-property-management-meta-ads,Nationwide,Meta Ads,"property management meta ads investment, digital marketing for property management, scale property management online, property management customer acquisition","https://itzdigital.co/, https://itzdigital.co/services/meta-ads/, https://itzdigital.co/real-estate/, https://itzdigital.co/5-essential-property-management-marketing-tips-for-higher-occupancy-rates/, https://itzdigital.co/property-management-marketing-budgets-navigating-the-cost-of-high-value-leads/","NO text overlays, NO text in image, NO competitors, NO low-lighting, NO blurred listings",800-647-6917,ITZ Digital,"Provide a complete industry breakdown itemizing transparency regarding the financial metrics, standard pricing ranges, and ROI expectations for executing high-efficiency Property Management Meta Ads. Highlight how ITZ Digital designs transparent, scalable billing profiles that eliminate marketing waste, contrasting hidden management fees vs results-oriented asset tracking."
Tier 19,New Content,Not Started,Page,Blogs,Tips/Guides,Property Management,Meta Ads,Nationwide,,,,,,Advanced Property Management Meta Ads Techniques to Dominate the Market Space,Ready for blog generation,,11-Sep-2026,September 2026,https://itzdigital.co/blog/advanced-property-management-meta-ads-techniques-to-dominate-the-market-space,Nationwide,Meta Ads,"property management meta ads investment, digital marketing for property management, scale property management online, property management customer acquisition","https://itzdigital.co/, https://itzdigital.co/services/meta-ads/, https://itzdigital.co/real-estate/, https://itzdigital.co/5-essential-property-management-marketing-tips-for-higher-occupancy-rates/, https://itzdigital.co/property-management-marketing-budgets-navigating-the-cost-of-high-value-leads/","NO text overlays, NO text in image, NO competitors, NO low-lighting, NO blurred listings",800-647-6917,ITZ Digital,"Provide a strategic operational playbook with actionable operational blueprints and growth checklists for modern Property Management platforms running Meta Ads. Emphasize ITZ Digital's proprietary methodologies in user behavior mapping, automated lead capturing cascades, and custom audience segmentation configurations."
Tier 19,New Content,Not Started,Page,Blogs,Cost,Property Management,Web Design,Nationwide,,,,,,An Industry Analysis of Property Management Web Design Pricing and Value,Ready for blog generation,,11-Sep-2026,September 2026,https://itzdigital.co/blog/an-industry-analysis-of-property-management-web-design-pricing-and-value,Nationwide,Web Design,"property management web design investment, digital marketing for property management, scale property management online, property management customer acquisition","https://itzdigital.co/, https://itzdigital.co/services/website-design/, https://itzdigital.co/real-estate/, https://itzdigital.co/premier-property-management-web-design-agencies/, https://itzdigital.co/compare-top-7-property-management-web-design-marketing-leaders/","NO text overlays, NO text in image, NO competitors, NO low-lighting, NO blurred listings",800-647-6917,ITZ Digital,"Provide a complete industry breakdown itemizing transparency regarding the financial metrics, standard pricing ranges, and ROI expectations for executing high-efficiency Property Management Web Design. Highlight how ITZ Digital designs transparent, scalable billing profiles that eliminate marketing waste, contrasting hidden management fees vs results-oriented asset tracking."
Tier 19,New Content,Not Started,Page,Blogs,Tips/Guides,Property Management,Web Design,Nationwide,,,,,,Strategic Property Management Web Design Playbook: Vetted Best Practices for High Conversion,Ready for blog generation,,11-Sep-2026,September 2026,https://itzdigital.co/blog/strategic-property-management-web-design-playbook-vetted-best-practices-for-high-conversion,Nationwide,Web Design,"property management web design investment, digital marketing for property management, scale property management online, property management customer acquisition","https://itzdigital.co/, https://itzdigital.co/services/website-design/, https://itzdigital.co/real-estate/, https://itzdigital.co/premier-property-management-web-design-agencies/, https://itzdigital.co/compare-top-7-property-management-web-design-marketing-leaders/","NO text overlays, NO text in image, NO competitors, NO low-lighting, NO blurred listings",800-647-6917,ITZ Digital,"Provide a strategic operational playbook with actionable operational blueprints and growth checklists for modern Property Management platforms running Web Design. Emphasize ITZ Digital's proprietary methodologies in user behavior mapping, automated lead capturing cascades, and custom audience segmentation configurations."
Tier 19,New Content,Not Started,Page,Blogs,Cost,Real Estate Agent,SEO,Nationwide,,,,,,How Much Does Real Estate Agent SEO Cost? Pricing and ROI Analysis,Ready for blog generation,,11-Sep-2026,September 2026,https://itzdigital.co/blog/how-much-does-real-estate-agent-seo-cost-pricing-and-roi-analysis,Nationwide,SEO,"real estate agent seo investment, digital marketing for real estate agent, scale real estate agent online, real estate agent customer acquisition","https://itzdigital.co/, https://itzdigital.co/services/seo/, https://itzdigital.co/real-estate/realtor/, https://itzdigital.co/top-4-real-estate-agent-seo-agencies/, https://itzdigital.co/strategic-seo-tips-for-real-estate-agents-in-2026-the-ultimate-growth-guide/","NO text overlays, NO text in image, NO competitors, NO low-lighting, NO blurred listings",800-647-6917,ITZ Digital,"Provide a complete industry breakdown itemizing transparency regarding the financial metrics, standard pricing ranges, and ROI expectations for executing high-efficiency Real Estate Agent SEO. Highlight how ITZ Digital designs transparent, scalable billing profiles that eliminate marketing waste, contrasting hidden management fees vs results-oriented asset tracking."
Tier 19,New Content,Not Started,Page,Blogs,Tips/Guides,Real Estate Agent,SEO,Nationwide,,,,,,Proven Real Estate Agent SEO Blueprints for Accelerating Growth,Ready for blog generation,,11-Sep-2026,September 2026,https://itzdigital.co/blog/proven-real-estate-agent-seo-blueprints-for-accelerating-growth,Nationwide,SEO,"real estate agent seo investment, digital marketing for real estate agent, scale real estate agent online, real estate agent customer acquisition","https://itzdigital.co/, https://itzdigital.co/services/seo/, https://itzdigital.co/real-estate/realtor/, https://itzdigital.co/top-4-real-estate-agent-seo-agencies/, https://itzdigital.co/strategic-seo-tips-for-real-estate-agents-in-2026-the-ultimate-growth-guide/","NO text overlays, NO text in image, NO competitors, NO low-lighting, NO blurred listings",800-647-6917,ITZ Digital,"Provide a strategic operational playbook with actionable operational blueprints and growth checklists for modern Real Estate Agent platforms running SEO. Emphasize ITZ Digital's proprietary methodologies in user behavior mapping, automated lead capturing cascades, and custom audience segmentation configurations."
Tier 19,New Content,Not Started,Page,Blogs,Cost,Real Estate Agent,Google Ads,Nationwide,,,,,,The Comprehensive Guide to Real Estate Agent Google Ads Costs,Ready for blog generation,,12-Sep-2026,September 2026,https://itzdigital.co/blog/the-comprehensive-guide-to-real-estate-agent-google-ads-costs,Nationwide,Google Ads,"real estate agent google ads investment, digital marketing for real estate agent, scale real estate agent online, real estate agent customer acquisition","https://itzdigital.co/, https://itzdigital.co/services/google-ads/, https://itzdigital.co/real-estate/realtor/, https://itzdigital.co/top-4-real-estate-agent-google-ads-agencies-reviewed/, https://itzdigital.co/5-google-ads-tips-for-realtors-to-win-more-competitive-listings/","NO text overlays, NO text in image, NO competitors, NO low-lighting, NO blurred listings",800-647-6917,ITZ Digital,"Provide a complete industry breakdown itemizing transparency regarding the financial metrics, standard pricing ranges, and ROI expectations for executing high-efficiency Real Estate Agent Google Ads. Highlight how ITZ Digital designs transparent, scalable billing profiles that eliminate marketing waste, contrasting hidden management fees vs results-oriented asset tracking."
Tier 19,New Content,Not Started,Page,Blogs,Tips/Guides,Real Estate Agent,Google Ads,Nationwide,,,,,,Advanced Real Estate Agent Google Ads Techniques to Dominate the Market Space,Ready for blog generation,,12-Sep-2026,September 2026,https://itzdigital.co/blog/advanced-real-estate-agent-google-ads-techniques-to-dominate-the-market-space,Nationwide,Google Ads,"real estate agent google ads investment, digital marketing for real estate agent, scale real estate agent online, real estate agent customer acquisition","https://itzdigital.co/, https://itzdigital.co/services/google-ads/, https://itzdigital.co/real-estate/realtor/, https://itzdigital.co/top-4-real-estate-agent-google-ads-agencies-reviewed/, https://itzdigital.co/5-google-ads-tips-for-realtors-to-win-more-competitive-listings/","NO text overlays, NO text in image, NO competitors, NO low-lighting, NO blurred listings",800-647-6917,ITZ Digital,"Provide a strategic operational playbook with actionable operational blueprints and growth checklists for modern Real Estate Agent platforms running Google Ads. Emphasize ITZ Digital's proprietary methodologies in user behavior mapping, automated lead capturing cascades, and custom audience segmentation configurations."
Tier 19,New Content,Not Started,Page,Blogs,Cost,Real Estate Agent,Meta Ads,Nationwide,,,,,,Breaking Down the Real Financial Cost of Real Estate Agent Meta Ads,Ready for blog generation,,12-Sep-2026,September 2026,https://itzdigital.co/blog/breaking-down-the-real-financial-cost-of-real-estate-agent-meta-ads,Nationwide,Meta Ads,"real estate agent meta ads investment, digital marketing for real estate agent, scale real estate agent online, real estate agent customer acquisition","https://itzdigital.co/, https://itzdigital.co/services/meta-ads/, https://itzdigital.co/real-estate/realtor/, https://itzdigital.co/5-meta-ads-tips-for-realtors-to-boost-listing-engagement/, https://itzdigital.co/real-estate-meta-ads-pricing-scaling-your-listings-on-facebook/","NO text overlays, NO text in image, NO competitors, NO low-lighting, NO blurred listings",800-647-6917,ITZ Digital,"Provide a complete industry breakdown itemizing transparency regarding the financial metrics, standard pricing ranges, and ROI expectations for executing high-efficiency Real Estate Agent Meta Ads. Highlight how ITZ Digital designs transparent, scalable billing profiles that eliminate marketing waste, contrasting hidden management fees vs results-oriented asset tracking."
Tier 19,New Content,Not Started,Page,Blogs,Tips/Guides,Real Estate Agent,Meta Ads,Nationwide,,,,,,Strategic Real Estate Agent Meta Ads Playbook: Vetted Best Practices for High Conversion,Ready for blog generation,,12-Sep-2026,September 2026,https://itzdigital.co/blog/strategic-real-estate-agent-meta-ads-playbook-vetted-best-practices-for-high-conversion,Nationwide,Meta Ads,"real estate agent meta ads investment, digital marketing for real estate agent, scale real estate agent online, real estate agent customer acquisition","https://itzdigital.co/, https://itzdigital.co/services/meta-ads/, https://itzdigital.co/real-estate/realtor/, https://itzdigital.co/5-meta-ads-tips-for-realtors-to-boost-listing-engagement/, https://itzdigital.co/real-estate-meta-ads-pricing-scaling-your-listings-on-facebook/","NO text overlays, NO text in image, NO competitors, NO low-lighting, NO blurred listings",800-647-6917,ITZ Digital,"Provide a strategic operational playbook with actionable operational blueprints and growth checklists for modern Real Estate Agent platforms running Meta Ads. Emphasize ITZ Digital's proprietary methodologies in user behavior mapping, automated lead capturing cascades, and custom audience segmentation configurations."
Tier 19,New Content,Not Started,Page,Blogs,Cost,Real Estate Agent,Web Design,Nationwide,,,,,,How Much Does Real Estate Agent Web Design Cost? Pricing and ROI Analysis,Ready for blog generation,,12-Sep-2026,September 2026,https://itzdigital.co/blog/how-much-does-real-estate-agent-web-design-cost-pricing-and-roi-analysis,Nationwide,Web Design,"real estate agent web design investment, digital marketing for real estate agent, scale real estate agent online, real estate agent customer acquisition","https://itzdigital.co/, https://itzdigital.co/services/website-design/, https://itzdigital.co/real-estate/realtor/, https://itzdigital.co/best-real-estate-agent-web-design-agencies-scale-revenue/, https://itzdigital.co/ranked-best-7-real-estate-agent-web-design-agencies-to-scale-revenue/","NO text overlays, NO text in image, NO competitors, NO low-lighting, NO blurred listings",800-647-6917,ITZ Digital,"Provide a complete industry breakdown itemizing transparency regarding the financial metrics, standard pricing ranges, and ROI expectations for executing high-efficiency Real Estate Agent Web Design. Highlight how ITZ Digital designs transparent, scalable billing profiles that eliminate marketing waste, contrasting hidden management fees vs results-oriented asset tracking."
Tier 19,New Content,Not Started,Page,Blogs,Tips/Guides,Real Estate Agent,Web Design,Nationwide,,,,,,The Tactical Guide to High-Conversion Real Estate Agent Web Design,Ready for blog generation,,13-Sep-2026,September 2026,https://itzdigital.co/blog/the-tactical-guide-to-high-conversion-real-estate-agent-web-design,Nationwide,Web Design,"real estate agent web design investment, digital marketing for real estate agent, scale real estate agent online, real estate agent customer acquisition","https://itzdigital.co/, https://itzdigital.co/services/website-design/, https://itzdigital.co/real-estate/realtor/, https://itzdigital.co/best-real-estate-agent-web-design-agencies-scale-revenue/, https://itzdigital.co/ranked-best-7-real-estate-agent-web-design-agencies-to-scale-revenue/","NO text overlays, NO text in image, NO competitors, NO low-lighting, NO blurred listings",800-647-6917,ITZ Digital,"Provide a strategic operational playbook with actionable operational blueprints and growth checklists for modern Real Estate Agent platforms running Web Design. Emphasize ITZ Digital's proprietary methodologies in user behavior mapping, automated lead capturing cascades, and custom audience segmentation configurations."
Tier 19,New Content,Not Started,Page,Blogs,Cost,Roofing,Meta Ads,Nationwide,,,,,,The Comprehensive Guide to Roofing Meta Ads Costs,Ready for blog generation,,13-Sep-2026,September 2026,https://itzdigital.co/blog/the-comprehensive-guide-to-roofing-meta-ads-costs,Nationwide,Meta Ads,"roofing meta ads investment, digital marketing for roofing, scale roofing online, roofing customer acquisition","https://itzdigital.co/, https://itzdigital.co/services/meta-ads/, https://itzdigital.co/services/, https://itzdigital.co/case-studies/, https://itzdigital.co/faqs/","NO text in image, NO competitors, NO low-lighting, NO safety violations",800-647-6917,ITZ Digital,"Provide a complete industry breakdown itemizing transparency regarding the financial metrics, standard pricing ranges, and ROI expectations for executing high-efficiency Roofing Meta Ads. Highlight how ITZ Digital designs transparent, scalable billing profiles that eliminate marketing waste, contrasting hidden management fees vs results-oriented asset tracking."
Tier 19,New Content,Not Started,Page,Blogs,Tips/Guides,Roofing,Meta Ads,Nationwide,,,,,,The Ultimate Roofing Meta Ads Strategy Guide to Win High-Intent Leads,Ready for blog generation,,13-Sep-2026,September 2026,https://itzdigital.co/blog/the-ultimate-roofing-meta-ads-strategy-guide-to-win-high-intent-leads,Nationwide,Meta Ads,"roofing meta ads investment, digital marketing for roofing, scale roofing online, roofing customer acquisition","https://itzdigital.co/, https://itzdigital.co/services/meta-ads/, https://itzdigital.co/services/, https://itzdigital.co/case-studies/, https://itzdigital.co/faqs/","NO text in image, NO competitors, NO low-lighting, NO safety violations",800-647-6917,ITZ Digital,"Provide a strategic operational playbook with actionable operational blueprints and growth checklists for modern Roofing platforms running Meta Ads. Emphasize ITZ Digital's proprietary methodologies in user behavior mapping, automated lead capturing cascades, and custom audience segmentation configurations."
Tier 19,New Content,Not Started,Page,Blogs,Cost,Roofing,Web Design,Nationwide,,,,,,How Much Does Roofing Web Design Cost? Pricing and ROI Analysis,Ready for blog generation,,13-Sep-2026,September 2026,https://itzdigital.co/blog/how-much-does-roofing-web-design-cost-pricing-and-roi-analysis,Nationwide,Web Design,"roofing web design investment, digital marketing for roofing, scale roofing online, roofing customer acquisition","https://itzdigital.co/, https://itzdigital.co/services/website-design/, https://itzdigital.co/services/, https://itzdigital.co/case-studies/, https://itzdigital.co/faqs/","NO text in image, NO competitors, NO low-lighting, NO safety violations",800-647-6917,ITZ Digital,"Provide a complete industry breakdown itemizing transparency regarding the financial metrics, standard pricing ranges, and ROI expectations for executing high-efficiency Roofing Web Design. Highlight how ITZ Digital designs transparent, scalable billing profiles that eliminate marketing waste, contrasting hidden management fees vs results-oriented asset tracking."
Tier 20,New Content,Not Started,Page,Blogs,Tips/Guides,Roofing,Web Design,Nationwide,,,,,,Strategic Roofing Web Design Playbook: Vetted Best Practices for High Conversion,Ready for blog generation,,13-Sep-2026,September 2026,https://itzdigital.co/blog/strategic-roofing-web-design-playbook-vetted-best-practices-for-high-conversion,Nationwide,Web Design,"roofing web design investment, digital marketing for roofing, scale roofing online, roofing customer acquisition","https://itzdigital.co/, https://itzdigital.co/services/website-design/, https://itzdigital.co/services/, https://itzdigital.co/case-studies/, https://itzdigital.co/faqs/","NO text in image, NO competitors, NO low-lighting, NO safety violations",800-647-6917,ITZ Digital,"Provide a strategic operational playbook with actionable operational blueprints and growth checklists for modern Roofing platforms running Web Design. Emphasize ITZ Digital's proprietary methodologies in user behavior mapping, automated lead capturing cascades, and custom audience segmentation configurations."
Tier 20,New Content,Not Started,Page,Blogs,Cost,Tire Repair,SEO,Nationwide,,,,,,An Industry Analysis of Tire Repair SEO Pricing and Value,Ready for blog generation,,14-Sep-2026,September 2026,https://itzdigital.co/blog/an-industry-analysis-of-tire-repair-seo-pricing-and-value,Nationwide,SEO,"tire repair seo investment, digital marketing for tire repair, scale tire repair online, tire repair customer acquisition","https://itzdigital.co/, https://itzdigital.co/services/seo/, https://itzdigital.co/automotive/auto-repair/, https://itzdigital.co/winning-tire-repair-leads-digital-strategy-auto-centers-2/, https://itzdigital.co/tire-repair-marketing-cost-competitive-digital-market-2/","NO text in image, NO competitors, NO low-lighting",800-647-6917,ITZ Digital,"Provide a complete industry breakdown itemizing transparency regarding the financial metrics, standard pricing ranges, and ROI expectations for executing high-efficiency Tire Repair SEO. Highlight how ITZ Digital designs transparent, scalable billing profiles that eliminate marketing waste, contrasting hidden management fees vs results-oriented asset tracking."
Tier 20,New Content,Not Started,Page,Blogs,Tips/Guides,Tire Repair,SEO,Nationwide,,,,,,Proven Tire Repair SEO Blueprints for Accelerating Growth,Ready for blog generation,,14-Sep-2026,September 2026,https://itzdigital.co/blog/proven-tire-repair-seo-blueprints-for-accelerating-growth,Nationwide,SEO,"tire repair seo investment, digital marketing for tire repair, scale tire repair online, tire repair customer acquisition","https://itzdigital.co/, https://itzdigital.co/services/seo/, https://itzdigital.co/automotive/auto-repair/, https://itzdigital.co/winning-tire-repair-leads-digital-strategy-auto-centers-2/, https://itzdigital.co/tire-repair-marketing-cost-competitive-digital-market-2/","NO text in image, NO competitors, NO low-lighting",800-647-6917,ITZ Digital,"Provide a strategic operational playbook with actionable operational blueprints and growth checklists for modern Tire Repair platforms running SEO. Emphasize ITZ Digital's proprietary methodologies in user behavior mapping, automated lead capturing cascades, and custom audience segmentation configurations."
Tier 20,New Content,Not Started,Page,Blogs,Cost,Tire Repair,Google Ads,Nationwide,,,,,,The Comprehensive Guide to Tire Repair Google Ads Costs,Ready for blog generation,,14-Sep-2026,September 2026,https://itzdigital.co/blog/the-comprehensive-guide-to-tire-repair-google-ads-costs,Nationwide,Google Ads,"tire repair google ads investment, digital marketing for tire repair, scale tire repair online, tire repair customer acquisition","https://itzdigital.co/, https://itzdigital.co/services/google-ads/, https://itzdigital.co/automotive/auto-repair/, https://itzdigital.co/winning-tire-repair-leads-digital-strategy-auto-centers-2/, https://itzdigital.co/top-4-tire-repair-google-ads-companies-dominating-market/","NO text in image, NO competitors, NO low-lighting",800-647-6917,ITZ Digital,"Provide a complete industry breakdown itemizing transparency regarding the financial metrics, standard pricing ranges, and ROI expectations for executing high-efficiency Tire Repair Google Ads. Highlight how ITZ Digital designs transparent, scalable billing profiles that eliminate marketing waste, contrasting hidden management fees vs results-oriented asset tracking."
Tier 20,New Content,Not Started,Page,Blogs,Tips/Guides,Tire Repair,Google Ads,Nationwide,,,,,,Advanced Tire Repair Google Ads Techniques to Dominate the Market Space,Ready for blog generation,,14-Sep-2026,September 2026,https://itzdigital.co/blog/advanced-tire-repair-google-ads-techniques-to-dominate-the-market-space,Nationwide,Google Ads,"tire repair google ads investment, digital marketing for tire repair, scale tire repair online, tire repair customer acquisition","https://itzdigital.co/, https://itzdigital.co/services/google-ads/, https://itzdigital.co/automotive/auto-repair/, https://itzdigital.co/winning-tire-repair-leads-digital-strategy-auto-centers-2/, https://itzdigital.co/top-4-tire-repair-google-ads-companies-dominating-market/","NO text in image, NO competitors, NO low-lighting",800-647-6917,ITZ Digital,"Provide a strategic operational playbook with actionable operational blueprints and growth checklists for modern Tire Repair platforms running Google Ads. Emphasize ITZ Digital's proprietary methodologies in user behavior mapping, automated lead capturing cascades, and custom audience segmentation configurations."
Tier 20,New Content,Not Started,Page,Blogs,Cost,Tire Repair,Meta Ads,Nationwide,,,,,,Breaking Down the Real Financial Cost of Tire Repair Meta Ads,Ready for blog generation,,14-Sep-2026,September 2026,https://itzdigital.co/blog/breaking-down-the-real-financial-cost-of-tire-repair-meta-ads,Nationwide,Meta Ads,"tire repair meta ads investment, digital marketing for tire repair, scale tire repair online, tire repair customer acquisition","https://itzdigital.co/, https://itzdigital.co/services/meta-ads/, https://itzdigital.co/automotive/auto-repair/, https://itzdigital.co/services/', 'https://itzdigital.co/case-studies/","NO text in image, NO competitors, NO low-lighting",800-647-6917,ITZ Digital,"Provide a complete industry breakdown itemizing transparency regarding the financial metrics, standard pricing ranges, and ROI expectations for executing high-efficiency Tire Repair Meta Ads. Highlight how ITZ Digital designs transparent, scalable billing profiles that eliminate marketing waste, contrasting hidden management fees vs results-oriented asset tracking."
Tier 20,New Content,Not Started,Page,Blogs,Tips/Guides,Tire Repair,Meta Ads,Nationwide,,,,,,Strategic Tire Repair Meta Ads Playbook: Vetted Best Practices for High Conversion,Ready for blog generation,,15-Sep-2026,September 2026,https://itzdigital.co/blog/strategic-tire-repair-meta-ads-playbook-vetted-best-practices-for-high-conversion,Nationwide,Meta Ads,"tire repair meta ads investment, digital marketing for tire repair, scale tire repair online, tire repair customer acquisition","https://itzdigital.co/, https://itzdigital.co/services/meta-ads/, https://itzdigital.co/services/', 'https://itzdigital.co/case-studies/","NO text in image, NO competitors, NO low-lighting",800-647-6917,ITZ Digital,"Provide a strategic operational playbook with actionable operational blueprints and growth checklists for modern Tire Repair platforms running Meta Ads. Emphasize ITZ Digital's proprietary methodologies in user behavior mapping, automated lead capturing cascades, and custom audience segmentation configurations."
Tier 20,New Content,Not Started,Page,Blogs,Cost,Tire Repair,Web Design,Nationwide,,,,,,How Much Does Tire Repair Web Design Cost? Pricing and ROI Analysis,Ready for blog generation,,15-Sep-2026,September 2026,https://itzdigital.co/blog/how-much-does-tire-repair-web-design-cost-pricing-and-roi-analysis,Nationwide,Web Design,"tire repair web design investment, digital marketing for tire repair, scale tire repair online, tire repair customer acquisition","https://itzdigital.co/, https://itzdigital.co/services/website-design/, https://itzdigital.co/automotive/auto-repair/, https://itzdigital.co/ranked-top-7-tire-repair-web-design-solutions-high-intent-traffic/, https://itzdigital.co/services/","NO text in image, NO competitors, NO low-lighting",800-647-6917,ITZ Digital,"Provide a complete industry breakdown itemizing transparency regarding the financial metrics, standard pricing ranges, and ROI expectations for executing high-efficiency Tire Repair Web Design. Highlight how ITZ Digital designs transparent, scalable billing profiles that eliminate marketing waste, contrasting hidden management fees vs results-oriented asset tracking."
Tier 20,New Content,Not Started,Page,Blogs,Tips/Guides,Tire Repair,Web Design,Nationwide,,,,,,Advanced Tire Repair Web Design Techniques to Dominate the Market Space,Ready for blog generation,,15-Sep-2026,September 2026,https://itzdigital.co/blog/advanced-tire-repair-web-design-techniques-to-dominate-the-market-space,Nationwide,Web Design,"tire repair web design investment, digital marketing for tire repair, scale tire repair online, tire repair customer acquisition","https://itzdigital.co/, https://itzdigital.co/services/website-design/, https://itzdigital.co/automotive/auto-repair/, https://itzdigital.co/ranked-top-7-tire-repair-web-design-solutions-high-intent-traffic/, https://itzdigital.co/services/","NO text in image, NO competitors, NO low-lighting",800-647-6917,ITZ Digital,"Provide a strategic operational playbook with actionable operational blueprints and growth checklists for modern Tire Repair platforms running Web Design. Emphasize ITZ Digital's proprietary methodologies in user behavior mapping, automated lead capturing cascades, and custom audience segmentation configurations."
Tier 20,New Content,Not Started,Page,Blogs,Cost,Urgent Care,SEO,Nationwide,,,,,,Breaking Down the Real Financial Cost of Urgent Care SEO,Ready for blog generation,,15-Sep-2026,September 2026,https://itzdigital.co/blog/breaking-down-the-real-financial-cost-of-urgent-care-seo,Nationwide,SEO,"urgent care seo investment, digital marketing for urgent care, scale urgent care online, urgent care customer acquisition","https://itzdigital.co/, https://itzdigital.co/services/seo/, https://itzdigital.co/medical/, https://itzdigital.co/urgent-care-seo-tips-dominating-local-healthcare-searches/, https://itzdigital.co/compare-top-6-urgent-care-seo-marketing-leaders/","NO text in image, NO competitors, NO low-lighting, NO emergency room chaos",800-647-6917,ITZ Digital,"Provide a complete industry breakdown itemizing transparency regarding the financial metrics, standard pricing ranges, and ROI expectations for executing high-efficiency Urgent Care SEO. Highlight how ITZ Digital designs transparent, scalable billing profiles that eliminate marketing waste, contrasting hidden management fees vs results-oriented asset tracking."
Tier 20,New Content,Not Started,Page,Blogs,Tips/Guides,Urgent Care,SEO,Nationwide,,,,,,Proven Urgent Care SEO Blueprints for Accelerating Growth,Ready for blog generation,,15-Sep-2026,September 2026,https://itzdigital.co/blog/proven-urgent-care-seo-blueprints-for-accelerating-growth,Nationwide,SEO,"urgent care seo investment, digital marketing for urgent care, scale urgent care online, urgent care customer acquisition","https://itzdigital.co/, https://itzdigital.co/services/seo/, https://itzdigital.co/medical/, https://itzdigital.co/urgent-care-seo-tips-dominating-local-healthcare-searches/, https://itzdigital.co/compare-top-6-urgent-care-seo-marketing-leaders/","NO text in image, NO competitors, NO low-lighting, NO emergency room chaos",800-647-6917,ITZ Digital,"Provide a strategic operational playbook with actionable operational blueprints and growth checklists for modern Urgent Care platforms running SEO. Emphasize ITZ Digital's proprietary methodologies in user behavior mapping, automated lead capturing cascades, and custom audience segmentation configurations."
Tier 20,New Content,Not Started,Page,Blogs,Cost,Urgent Care,Google Ads,Nationwide,,,,,,How Much Does Urgent Care Google Ads Cost? Pricing and ROI Analysis,Ready for blog generation,,16-Sep-2026,September 2026,https://itzdigital.co/blog/how-much-does-urgent-care-google-ads-cost-pricing-and-roi-analysis,Nationwide,Google Ads,"urgent care google ads investment, digital marketing for urgent care, scale urgent care online, urgent care customer acquisition","https://itzdigital.co/, https://itzdigital.co/services/google-ads/, https://itzdigital.co/medical/, https://itzdigital.co/top-6-urgent-care-google-ads-companies/, https://itzdigital.co/6-best-in-class-urgent-care-google-ads-providers-to-outrank-competitors/","NO text in image, NO competitors, NO low-lighting, NO emergency room chaos",800-647-6917,ITZ Digital,"Provide a complete industry breakdown itemizing transparency regarding the financial metrics, standard pricing ranges, and ROI expectations for executing high-efficiency Urgent Care Google Ads. Highlight how ITZ Digital designs transparent, scalable billing profiles that eliminate marketing waste, contrasting hidden management fees vs results-oriented asset tracking."
Tier 20,New Content,Not Started,Page,Blogs,Tips/Guides,Urgent Care,Google Ads,Nationwide,,,,,,Advanced Urgent Care Google Ads Techniques to Dominate the Market Space,Ready for blog generation,,16-Sep-2026,September 2026,https://itzdigital.co/blog/advanced-urgent-care-google-ads-techniques-to-dominate-the-market-space,Nationwide,Google Ads,"urgent care google ads investment, digital marketing for urgent care, scale urgent care online, urgent care customer acquisition","https://itzdigital.co/, https://itzdigital.co/services/google-ads/, https://itzdigital.co/medical/, https://itzdigital.co/top-6-urgent-care-google-ads-companies/, https://itzdigital.co/6-best-in-class-urgent-care-google-ads-providers-to-outrank-competitors/","NO text in image, NO competitors, NO low-lighting, NO emergency room chaos",800-647-6917,ITZ Digital,"Provide a strategic operational playbook with actionable operational blueprints and growth checklists for modern Urgent Care platforms running Google Ads. Emphasize ITZ Digital's proprietary methodologies in user behavior mapping, automated lead capturing cascades, and custom audience segmentation configurations."
Tier 20,New Content,Not Started,Page,Blogs,Cost,Urgent Care,Meta Ads,Nationwide,,,,,,Breaking Down the Real Financial Cost of Urgent Care Meta Ads,Ready for blog generation,,16-Sep-2026,September 2026,https://itzdigital.co/blog/breaking-down-the-real-financial-cost-of-urgent-care-meta-ads,Nationwide,Meta Ads,"urgent care meta ads investment, digital marketing for urgent care, scale urgent care online, urgent care customer acquisition","https://itzdigital.co/, https://itzdigital.co/services/meta-ads/, https://itzdigital.co/medical/, https://itzdigital.co/services/, https://itzdigital.co/case-studies/","NO text in image, NO competitors, NO low-lighting, NO emergency room chaos",800-647-6917,ITZ Digital,"Provide a complete industry breakdown itemizing transparency regarding the financial metrics, standard pricing ranges, and ROI expectations for executing high-efficiency Urgent Care Meta Ads. Highlight how ITZ Digital designs transparent, scalable billing profiles that eliminate marketing waste, contrasting hidden management fees vs results-oriented asset tracking."
Tier 20,New Content,Not Started,Page,Blogs,Tips/Guides,Urgent Care,Meta Ads,Nationwide,,,,,,How to Optimize Urgent Care Meta Ads for High-ROI Acquisition,Ready for blog generation,,16-Sep-2026,September 2026,https://itzdigital.co/blog/how-to-optimize-urgent-care-meta-ads-for-highroi-acquisition,Nationwide,Meta Ads,"urgent care meta ads investment, digital marketing for urgent care, scale urgent care online, urgent care customer acquisition","https://itzdigital.co/, https://itzdigital.co/services/meta-ads/, https://itzdigital.co/medical/, https://itzdigital.co/services/, https://itzdigital.co/case-studies/","NO text in image, NO competitors, NO low-lighting, NO emergency room chaos",800-647-6917,ITZ Digital,"Provide a strategic operational playbook with actionable operational blueprints and growth checklists for modern Urgent Care platforms running Meta Ads. Emphasize ITZ Digital's proprietary methodologies in user behavior mapping, automated lead capturing cascades, and custom audience segmentation configurations."
Tier 20,New Content,Not Started,Page,Blogs,Cost,Urgent Care,Web Design,Nationwide,,,,,,An Industry Analysis of Urgent Care Web Design Pricing and Value,Ready for blog generation,,16-Sep-2026,September 2026,https://itzdigital.co/blog/an-industry-analysis-of-urgent-care-web-design-pricing-and-value,Nationwide,Web Design,"urgent care web design investment, digital marketing for urgent care, scale urgent care online, urgent care customer acquisition","https://itzdigital.co/, https://itzdigital.co/services/website-design/, https://itzdigital.co/medical/, https://itzdigital.co/medical-web-design-cost-building-patient-trust-online/, https://itzdigital.co/top-4-urgent-care-web-design-experts-for-automated-business-growth/","NO text in image, NO competitors, NO low-lighting, NO emergency room chaos",800-647-6917,ITZ Digital,"Provide a complete industry breakdown itemizing transparency regarding the financial metrics, standard pricing ranges, and ROI expectations for executing high-efficiency Urgent Care Web Design. Highlight how ITZ Digital designs transparent, scalable billing profiles that eliminate marketing waste, contrasting hidden management fees vs results-oriented asset tracking."
Tier 20,New Content,Not Started,Page,Blogs,Tips/Guides,Urgent Care,Web Design,Nationwide,,,,,,The Tactical Guide to High-Conversion Urgent Care Web Design,Ready for blog generation,,17-Sep-2026,September 2026,https://itzdigital.co/blog/the-tactical-guide-to-high-conversion-urgent-care-web-design,Nationwide,Web Design,"urgent care web design investment, digital marketing for urgent care, scale urgent care online, urgent care customer acquisition","https://itzdigital.co/, https://itzdigital.co/services/website-design/, https://itzdigital.co/medical/, https://itzdigital.co/medical-web-design-cost-building-patient-trust-online/, https://itzdigital.co/top-4-urgent-care-web-design-experts-for-automated-business-growth/","NO text in image, NO competitors, NO low-lighting, NO emergency room chaos",800-647-6917,ITZ Digital,"Provide a strategic operational playbook with actionable operational blueprints and growth checklists for modern Urgent Care platforms running Web Design. Emphasize ITZ Digital's proprietary methodologies in user behavior mapping, automated lead capturing cascades, and custom audience segmentation configurations."
Tier 20,New Content,Not Started,Page,Blogs,Cost,Auto Detailing,Website Services,Nationwide,,,,,,How Much Does Auto Detailing Website Services Cost? Pricing and ROI Analysis,Ready for blog generation,,17-Sep-2026,September 2026,https://itzdigital.co/blog/how-much-does-auto-detailing-website-services-cost-pricing-and-roi-analysis,Nationwide,Website Services,"auto detailing website services investment, digital marketing for auto detailing, scale auto detailing online, auto detailing customer acquisition","https://itzdigital.co/, https://itzdigital.co/services/website-services/, https://itzdigital.co/automotive/auto-detailing/, https://itzdigital.co/best-auto-detailing-website-services-agencies-scale-revenue/, https://itzdigital.co/services/","NO text in image, NO competitors, NO low-lighting",800-647-6917,ITZ Digital,"Provide a complete industry breakdown itemizing transparency regarding the financial metrics, standard pricing ranges, and ROI expectations for executing high-efficiency Auto Detailing Website Services. Highlight how ITZ Digital designs transparent, scalable billing profiles that eliminate marketing waste, contrasting hidden management fees vs results-oriented asset tracking."
Tier 20,New Content,Not Started,Page,Blogs,Tips/Guides,Auto Detailing,Website Services,Nationwide,,,,,,Proven Auto Detailing Website Services Blueprints for Accelerating Growth,Ready for blog generation,,17-Sep-2026,September 2026,https://itzdigital.co/blog/proven-auto-detailing-website-services-blueprints-for-accelerating-growth,Nationwide,Website Services,"auto detailing website services investment, digital marketing for auto detailing, scale auto detailing online, auto detailing customer acquisition","https://itzdigital.co/, https://itzdigital.co/services/website-services/, https://itzdigital.co/automotive/auto-detailing/, https://itzdigital.co/best-auto-detailing-website-services-agencies-scale-revenue/, https://itzdigital.co/services/","NO text in image, NO competitors, NO low-lighting",800-647-6917,ITZ Digital,"Provide a strategic operational playbook with actionable operational blueprints and growth checklists for modern Auto Detailing platforms running Website Services. Emphasize ITZ Digital's proprietary methodologies in user behavior mapping, automated lead capturing cascades, and custom audience segmentation configurations."
Tier 20,New Content,Not Started,Page,Blogs,Cost,Auto Repair,Website Services,Nationwide,,,,,,Breaking Down the Real Financial Cost of Auto Repair Website Services,Ready for blog generation,,17-Sep-2026,September 2026,https://itzdigital.co/blog/breaking-down-the-real-financial-cost-of-auto-repair-website-services,Nationwide,Website Services,"auto repair website services investment, digital marketing for auto repair, scale auto repair online, auto repair customer acquisition","https://itzdigital.co/, https://itzdigital.co/services/website-services/, https://itzdigital.co/automotive/auto-repair/, https://itzdigital.co/top-7-auto-repair-website-services-agencies/, https://itzdigital.co/services/","NO text in image, NO competitors, NO low-lighting, NO dirty environments",800-647-6917,ITZ Digital,"Provide a complete industry breakdown itemizing transparency regarding the financial metrics, standard pricing ranges, and ROI expectations for executing high-efficiency Auto Repair Website Services. Highlight how ITZ Digital designs transparent, scalable billing profiles that eliminate marketing waste, contrasting hidden management fees vs results-oriented asset tracking."
Tier 20,New Content,Not Started,Page,Blogs,Tips/Guides,Auto Repair,Website Services,Nationwide,,,,,,Strategic Auto Repair Website Services Playbook: Vetted Best Practices for High Conversion,Ready for blog generation,,17-Sep-2026,September 2026,https://itzdigital.co/blog/strategic-auto-repair-website-services-playbook-vetted-best-practices-for-high-conversion,Nationwide,Website Services,"auto repair website services investment, digital marketing for auto repair, scale auto repair online, auto repair customer acquisition","https://itzdigital.co/, https://itzdigital.co/services/website-services/, https://itzdigital.co/automotive/auto-repair/, https://itzdigital.co/top-7-auto-repair-website-services-agencies/, https://itzdigital.co/services/","NO text in image, NO competitors, NO low-lighting, NO dirty environments",800-647-6917,ITZ Digital,"Provide a strategic operational playbook with actionable operational blueprints and growth checklists for modern Auto Repair platforms running Website Services. Emphasize ITZ Digital's proprietary methodologies in user behavior mapping, automated lead capturing cascades, and custom audience segmentation configurations."
Tier 20,New Content,Not Started,Page,Blogs,Cost,Auto Windshields,Website Services,Nationwide,,,,,,How Much Does Auto Windshields Website Services Cost? Pricing and ROI Analysis,Ready for blog generation,,18-Sep-2026,September 2026,https://itzdigital.co/blog/how-much-does-auto-windshields-website-services-cost-pricing-and-roi-analysis,Nationwide,Website Services,"auto windshields website services investment, digital marketing for auto windshields, scale auto windshields online, auto windshields customer acquisition","https://itzdigital.co/, https://itzdigital.co/services/website-services/, https://itzdigital.co/automotive/collision-repair/, https://itzdigital.co/5-elite-auto-windshields-website-services-firms-for-high-volume-leads/, https://itzdigital.co/services/","NO text in image, NO competitors, NO low-lighting, NO broken glass",800-647-6917,ITZ Digital,"Provide a complete industry breakdown itemizing transparency regarding the financial metrics, standard pricing ranges, and ROI expectations for executing high-efficiency Auto Windshields Website Services. Highlight how ITZ Digital designs transparent, scalable billing profiles that eliminate marketing waste, contrasting hidden management fees vs results-oriented asset tracking."
Tier 20,New Content,Not Started,Page,Blogs,Tips/Guides,Auto Windshields,Website Services,Nationwide,,,,,,Advanced Auto Windshields Website Services Techniques to Dominate the Market Space,Ready for blog generation,,18-Sep-2026,September 2026,https://itzdigital.co/blog/advanced-auto-windshields-website-services-techniques-to-dominate-the-market-space,Nationwide,Website Services,"auto windshields website services investment, digital marketing for auto windshields, scale auto windshields online, auto windshields customer acquisition","https://itzdigital.co/, https://itzdigital.co/services/website-services/, https://itzdigital.co/automotive/collision-repair/, https://itzdigital.co/5-elite-auto-windshields-website-services-firms-for-high-volume-leads/, https://itzdigital.co/services/","NO text in image, NO competitors, NO low-lighting, NO broken glass",800-647-6917,ITZ Digital,"Provide a strategic operational playbook with actionable operational blueprints and growth checklists for modern Auto Windshields platforms running Website Services. Emphasize ITZ Digital's proprietary methodologies in user behavior mapping, automated lead capturing cascades, and custom audience segmentation configurations."
Tier 20,New Content,Not Started,Page,Blogs,Cost,Bankruptcy Lawyer,Website Services,Nationwide,,,,,,Breaking Down the Real Financial Cost of Bankruptcy Lawyer Website Services,Ready for blog generation,,18-Sep-2026,September 2026,https://itzdigital.co/blog/breaking-down-the-real-financial-cost-of-bankruptcy-lawyer-website-services,Nationwide,Website Services,"bankruptcy lawyer website services investment, digital marketing for bankruptcy lawyer, scale bankruptcy lawyer online, bankruptcy lawyer customer acquisition","https://itzdigital.co/, https://itzdigital.co/services/website-services/, https://itzdigital.co/lawyers/criminal-defense/, https://itzdigital.co/top-5-rated-bankruptcy-lawyer-website-services-agencies-for-conversion-support/, https://itzdigital.co/services/","NO text overlays, NO text in image, NO competitors, NO low-lighting",800-647-6917,ITZ Digital,"Provide a complete industry breakdown itemizing transparency regarding the financial metrics, standard pricing ranges, and ROI expectations for executing high-efficiency Bankruptcy Lawyer Website Services. Highlight how ITZ Digital designs transparent, scalable billing profiles that eliminate marketing waste, contrasting hidden management fees vs results-oriented asset tracking."
Tier 20,New Content,Not Started,Page,Blogs,Tips/Guides,Bankruptcy Lawyer,Website Services,Nationwide,,,,,,Proven Bankruptcy Lawyer Website Services Blueprints for Accelerating Growth,Ready for blog generation,,18-Sep-2026,September 2026,https://itzdigital.co/blog/proven-bankruptcy-lawyer-website-services-blueprints-for-accelerating-growth,Nationwide,Website Services,"bankruptcy lawyer website services investment, digital marketing for bankruptcy lawyer, scale bankruptcy lawyer online, bankruptcy lawyer customer acquisition","https://itzdigital.co/, https://itzdigital.co/services/website-services/, https://itzdigital.co/lawyers/criminal-defense/, https://itzdigital.co/top-5-rated-bankruptcy-lawyer-website-services-agencies-for-conversion-support/, https://itzdigital.co/services/","NO text overlays, NO text in image, NO competitors, NO low-lighting",800-647-6917,ITZ Digital,"Provide a strategic operational playbook with actionable operational blueprints and growth checklists for modern Bankruptcy Lawyer platforms running Website Services. Emphasize ITZ Digital's proprietary methodologies in user behavior mapping, automated lead capturing cascades, and custom audience segmentation configurations."
Tier 20,New Content,Not Started,Page,Blogs,Cost,Bathroom Remodeler,Website Services,Nationwide,,,,,,How Much Does Bathroom Remodeler Website Services Cost? Pricing and ROI Analysis,Ready for blog generation,,18-Sep-2026,September 2026,https://itzdigital.co/blog/how-much-does-bathroom-remodeler-website-services-cost-pricing-and-roi-analysis,Nationwide,Website Services,"bathroom remodeler website services investment, digital marketing for bathroom remodeler, scale bathroom remodeler online, bathroom remodeler customer acquisition","https://itzdigital.co/, https://itzdigital.co/services/website-services/, https://itzdigital.co/services/, https://itzdigital.co/case-studies/, https://itzdigital.co/faqs/","NO text in image, NO competitors, NO free standing bathtubs",800-647-6917,ITZ Digital,"Provide a complete industry breakdown itemizing transparency regarding the financial metrics, standard pricing ranges, and ROI expectations for executing high-efficiency Bathroom Remodeler Website Services. Highlight how ITZ Digital designs transparent, scalable billing profiles that eliminate marketing waste, contrasting hidden management fees vs results-oriented asset tracking."
Tier 20,New Content,Not Started,Page,Blogs,Tips/Guides,Bathroom Remodeler,Website Services,Nationwide,,,,,,Maximizing Conversion Rates: Key Bathroom Remodeler Website Services Blueprints,Ready for blog generation,,19-Sep-2026,September 2026,https://itzdigital.co/blog/maximizing-conversion-rates-key-bathroom-remodeler-website-services-blueprints,Nationwide,Website Services,"bathroom remodeler website services investment, digital marketing for bathroom remodeler, scale bathroom remodeler online, bathroom remodeler customer acquisition","https://itzdigital.co/, https://itzdigital.co/services/website-services/, https://itzdigital.co/services/, https://itzdigital.co/case-studies/, https://itzdigital.co/faqs/","NO text in image, NO competitors, NO free standing bathtubs",800-647-6917,ITZ Digital,"Provide a strategic operational playbook with actionable operational blueprints and growth checklists for modern Bathroom Remodeler platforms running Website Services. Emphasize ITZ Digital's proprietary methodologies in user behavior mapping, automated lead capturing cascades, and custom audience segmentation configurations."
Not Priority,New Content,Not Started,Page,Blogs,Cost,Bathroom Remodeler,Digital Market Agency Core,Nationwide,,,,,,Breaking Down the Real Financial Cost of Bathroom Remodeler Digital Market Agency Core,Ready for blog generation,,19-Sep-2026,September 2026,https://itzdigital.co/blog/breaking-down-the-real-financial-cost-of-bathroom-remodeler-digital-market-agency-core,Nationwide,Digital Market Agency Core,"bathroom remodeler digital market agency core investment, digital marketing for bathroom remodeler, scale bathroom remodeler online, bathroom remodeler customer acquisition","https://itzdigital.co/, https://itzdigital.co/services/, https://itzdigital.co/case-studies/, https://itzdigital.co/faqs/, https://itzdigital.co/contact/","NO text in image, NO competitors, NO free standing bathtubs",800-647-6917,ITZ Digital,"Provide a complete industry breakdown itemizing transparency regarding the financial metrics, standard pricing ranges, and ROI expectations for executing high-efficiency Bathroom Remodeler Digital Market Agency Core. Highlight how ITZ Digital designs transparent, scalable billing profiles that eliminate marketing waste, contrasting hidden management fees vs results-oriented asset tracking."
Not Priority,New Content,Not Started,Page,Blogs,Tips/Guides,Bathroom Remodeler,Digital Market Agency Core,Nationwide,,,,,,How to Optimize Bathroom Remodeler Digital Market Agency Core for High-ROI Acquisition,Ready for blog generation,,19-Sep-2026,September 2026,https://itzdigital.co/blog/how-to-optimize-bathroom-remodeler-digital-market-agency-core-for-highroi-acquisition,Nationwide,Digital Market Agency Core,"bathroom remodeler digital market agency core investment, digital marketing for bathroom remodeler, scale bathroom remodeler online, bathroom remodeler customer acquisition","https://itzdigital.co/, https://itzdigital.co/services/, https://itzdigital.co/case-studies/, https://itzdigital.co/faqs/, https://itzdigital.co/contact/","NO text in image, NO competitors, NO free standing bathtubs",800-647-6917,ITZ Digital,"Provide a strategic operational playbook with actionable operational blueprints and growth checklists for modern Bathroom Remodeler platforms running Digital Market Agency Core. Emphasize ITZ Digital's proprietary methodologies in user behavior mapping, automated lead capturing cascades, and custom audience segmentation configurations."
Tier 20,New Content,Not Started,Page,Blogs,Cost,Car Wash,Website Services,Nationwide,,,,,,A Data-Driven Breakdown of Modern Car Wash Website Services Budgets,Ready for blog generation,,19-Sep-2026,September 2026,https://itzdigital.co/blog/a-datadriven-breakdown-of-modern-car-wash-website-services-budgets,Nationwide,Website Services,"car wash website services investment, digital marketing for car wash, scale car wash online, car wash customer acquisition","https://itzdigital.co/, https://itzdigital.co/services/website-services/, https://itzdigital.co/services/, https://itzdigital.co/case-studies/, https://itzdigital.co/faqs/","NO text in image, NO competitors, NO low-lighting",800-647-6917,ITZ Digital,"Provide a complete industry breakdown itemizing transparency regarding the financial metrics, standard pricing ranges, and ROI expectations for executing high-efficiency Car Wash Website Services. Highlight how ITZ Digital designs transparent, scalable billing profiles that eliminate marketing waste, contrasting hidden management fees vs results-oriented asset tracking."
Tier 20,New Content,Not Started,Page,Blogs,Tips/Guides,Car Wash,Website Services,Nationwide,,,,,,Proven Car Wash Website Services Blueprints for Accelerating Growth,Ready for blog generation,,19-Sep-2026,September 2026,https://itzdigital.co/blog/proven-car-wash-website-services-blueprints-for-accelerating-growth,Nationwide,Website Services,"car wash website services investment, digital marketing for car wash, scale car wash online, car wash customer acquisition","https://itzdigital.co/, https://itzdigital.co/services/website-services/, https://itzdigital.co/services/, https://itzdigital.co/case-studies/, https://itzdigital.co/faqs/","NO text in image, NO competitors, NO low-lighting",800-647-6917,ITZ Digital,"Provide a strategic operational playbook with actionable operational blueprints and growth checklists for modern Car Wash platforms running Website Services. Emphasize ITZ Digital's proprietary methodologies in user behavior mapping, automated lead capturing cascades, and custom audience segmentation configurations."
Tier 20,New Content,Not Started,Page,Blogs,Cost,Chiropractor,Website Services,Nationwide,,,,,,How Much Does Chiropractor Website Services Cost? Pricing and ROI Analysis,Ready for blog generation,,20-Sep-2026,September 2026,https://itzdigital.co/blog/how-much-does-chiropractor-website-services-cost-pricing-and-roi-analysis,Nationwide,Website Services,"chiropractor website services investment, digital marketing for chiropractor, scale chiropractor online, chiropractor customer acquisition","https://itzdigital.co/, https://itzdigital.co/services/website-services/, https://itzdigital.co/chiropractor-marketing-cost-budgeting-for-new-patient-growth/, https://itzdigital.co/new-patient-acquisition-guide-5-tips-for-chiropractors-to-scale-their-practice/, https://itzdigital.co/ranked-top-6-chiropractor-digital-market-agency-core-solutions-for-high-intent-traffic/","NO text in image, NO competitors, NO low-lighting",800-647-6917,ITZ Digital,"Provide a complete industry breakdown itemizing transparency regarding the financial metrics, standard pricing ranges, and ROI expectations for executing high-efficiency Chiropractor Website Services. Highlight how ITZ Digital designs transparent, scalable billing profiles that eliminate marketing waste, contrasting hidden management fees vs results-oriented asset tracking."
Tier 20,New Content,Not Started,Page,Blogs,Tips/Guides,Chiropractor,Website Services,Nationwide,,,,,,Advanced Chiropractor Website Services Techniques to Dominate the Market Space,Ready for blog generation,,20-Sep-2026,September 2026,https://itzdigital.co/blog/advanced-chiropractor-website-services-techniques-to-dominate-the-market-space,Nationwide,Website Services,"chiropractor website services investment, digital marketing for chiropractor, scale chiropractor online, chiropractor customer acquisition","https://itzdigital.co/, https://itzdigital.co/services/website-services/, https://itzdigital.co/chiropractor-marketing-cost-budgeting-for-new-patient-growth/, https://itzdigital.co/new-patient-acquisition-guide-5-tips-for-chiropractors-to-scale-their-practice/, https://itzdigital.co/ranked-top-6-chiropractor-digital-market-agency-core-solutions-for-high-intent-traffic/","NO text in image, NO competitors, NO low-lighting",800-647-6917,ITZ Digital,"Provide a strategic operational playbook with actionable operational blueprints and growth checklists for modern Chiropractor platforms running Website Services. Emphasize ITZ Digital's proprietary methodologies in user behavior mapping, automated lead capturing cascades, and custom audience segmentation configurations."
Tier 20,New Content,Not Started,Page,Blogs,Cost,Dentists,Website Services,Nationwide,,,,,,A Data-Driven Breakdown of Modern Dentists Website Services Budgets,Ready for blog generation,,20-Sep-2026,September 2026,https://itzdigital.co/blog/a-datadriven-breakdown-of-modern-dentists-website-services-budgets,Nationwide,Website Services,"dentists website services investment, digital marketing for dentists, scale dentists online, dentists customer acquisition","https://itzdigital.co/, https://itzdigital.co/services/website-services/, https://itzdigital.co/top-6-dentists-digital-market-agency-core-companies/, https://itzdigital.co/top-6-dentists-seo-platforms-scalable-operations/, https://itzdigital.co/top-6-dentists-website-services-agencies/","NO text in image, NO competitors, NO low-lighting, NO scary instruments",800-647-6917,ITZ Digital,"Provide a complete industry breakdown itemizing transparency regarding the financial metrics, standard pricing ranges, and ROI expectations for executing high-efficiency Dentists Website Services. Highlight how ITZ Digital designs transparent, scalable billing profiles that eliminate marketing waste, contrasting hidden management fees vs results-oriented asset tracking."
Tier 20,New Content,Not Started,Page,Blogs,Tips/Guides,Dentists,Website Services,Nationwide,,,,,,How to Optimize Dentists Website Services for High-ROI Acquisition,Ready for blog generation,,20-Sep-2026,September 2026,https://itzdigital.co/blog/how-to-optimize-dentists-website-services-for-highroi-acquisition,Nationwide,Website Services,"dentists website services investment, digital marketing for dentists, scale dentists online, dentists customer acquisition","https://itzdigital.co/, https://itzdigital.co/services/website-services/, https://itzdigital.co/top-6-dentists-digital-market-agency-core-companies/, https://itzdigital.co/top-6-dentists-seo-platforms-scalable-operations/, https://itzdigital.co/top-6-dentists-website-services-agencies/","NO text in image, NO competitors, NO low-lighting, NO scary instruments",800-647-6917,ITZ Digital,"Provide a strategic operational playbook with actionable operational blueprints and growth checklists for modern Dentists platforms running Website Services. Emphasize ITZ Digital's proprietary methodologies in user behavior mapping, automated lead capturing cascades, and custom audience segmentation configurations."
Tier 20,New Content,Not Started,Page,Blogs,Cost,Divorce Lawyer,Website Services,Nationwide,,,,,,How Much Does Divorce Lawyer Website Services Cost? Pricing and ROI Analysis,Ready for blog generation,,20-Sep-2026,September 2026,https://itzdigital.co/blog/how-much-does-divorce-lawyer-website-services-cost-pricing-and-roi-analysis,Nationwide,Website Services,"divorce lawyer website services investment, digital marketing for divorce lawyer, scale divorce lawyer online, divorce lawyer customer acquisition","https://itzdigital.co/, https://itzdigital.co/services/website-services/, https://itzdigital.co/how-much-does-divorce-lawyer-marketing-cost-in-2026-itz-digital-guide/, https://itzdigital.co/how-divorce-lawyers-can-generate-higher-quality-case-leads/, https://itzdigital.co/top-7-divorce-lawyer-digital-market-agency-conversion-support/","NO text overlays, NO text in image, NO competitors, NO low-lighting",800-647-6917,ITZ Digital,"Provide a complete industry breakdown itemizing transparency regarding the financial metrics, standard pricing ranges, and ROI expectations for executing high-efficiency Divorce Lawyer Website Services. Highlight how ITZ Digital designs transparent, scalable billing profiles that eliminate marketing waste, contrasting hidden management fees vs results-oriented asset tracking."
Tier 20,New Content,Not Started,Page,Blogs,Tips/Guides,Divorce Lawyer,Website Services,Nationwide,,,,,,Proven Divorce Lawyer Website Services Blueprints for Accelerating Growth,Ready for blog generation,,21-Sep-2026,September 2026,https://itzdigital.co/blog/proven-divorce-lawyer-website-services-blueprints-for-accelerating-growth,Nationwide,Website Services,"divorce lawyer website services investment, digital marketing for divorce lawyer, scale divorce lawyer online, divorce lawyer customer acquisition","https://itzdigital.co/, https://itzdigital.co/services/website-services/, https://itzdigital.co/how-much-does-divorce-lawyer-marketing-cost-in-2026-itz-digital-guide/, https://itzdigital.co/how-divorce-lawyers-can-generate-higher-quality-case-leads/, https://itzdigital.co/top-7-divorce-lawyer-digital-market-agency-conversion-support/","NO text overlays, NO text in image, NO competitors, NO low-lighting",800-647-6917,ITZ Digital,"Provide a strategic operational playbook with actionable operational blueprints and growth checklists for modern Divorce Lawyer platforms running Website Services. Emphasize ITZ Digital's proprietary methodologies in user behavior mapping, automated lead capturing cascades, and custom audience segmentation configurations."
Tier 21,New Content,Not Started,Page,Blogs,Cost,Electrician,Website Services,Nationwide,,,,,,Breaking Down the Real Financial Cost of Electrician Website Services,Ready for blog generation,,21-Sep-2026,September 2026,https://itzdigital.co/blog/breaking-down-the-real-financial-cost-of-electrician-website-services,Nationwide,Website Services,"electrician website services investment, digital marketing for electrician, scale electrician online, electrician customer acquisition","https://itzdigital.co/, https://itzdigital.co/services/website-services/, https://itzdigital.co/elite-electrician-marketing-firms-for-2026-top-5-agencies-for-growth/, https://itzdigital.co/benefits-electrician-digital-marketing-agency-2/, https://itzdigital.co/7-proven-seo-strategies-for-electrician-companies-to-dominate-search-results/","NO text overlays, NO text in image, NO competitors, NO low-lighting, NO exposed wires",800-647-6917,ITZ Digital,"Provide a complete industry breakdown itemizing transparency regarding the financial metrics, standard pricing ranges, and ROI expectations for executing high-efficiency Electrician Website Services. Highlight how ITZ Digital designs transparent, scalable billing profiles that eliminate marketing waste, contrasting hidden management fees vs results-oriented asset tracking."
Tier 21,New Content,Not Started,Page,Blogs,Tips/Guides,Electrician,Website Services,Nationwide,,,,,,Advanced Electrician Website Services Techniques to Dominate the Market Space,Ready for blog generation,,21-Sep-2026,September 2026,https://itzdigital.co/blog/advanced-electrician-website-services-techniques-to-dominate-the-market-space,Nationwide,Website Services,"electrician website services investment, digital marketing for electrician, scale electrician online, electrician customer acquisition","https://itzdigital.co/, https://itzdigital.co/services/website-services/, https://itzdigital.co/elite-electrician-marketing-firms-for-2026-top-5-agencies-for-growth/, https://itzdigital.co/benefits-electrician-digital-marketing-agency-2/, https://itzdigital.co/7-proven-seo-strategies-for-electrician-companies-to-dominate-search-results/","NO text overlays, NO text in image, NO competitors, NO low-lighting, NO exposed wires",800-647-6917,ITZ Digital,"Provide a strategic operational playbook with actionable operational blueprints and growth checklists for modern Electrician platforms running Website Services. Emphasize ITZ Digital's proprietary methodologies in user behavior mapping, automated lead capturing cascades, and custom audience segmentation configurations."
Not Priority,New Content,Not Started,Page,Blogs,Cost,Electrician,Digital Market Agency Core,Nationwide,,,,,,A Data-Driven Breakdown of Modern Electrician Digital Market Agency Core Budgets,Ready for blog generation,,21-Sep-2026,September 2026,https://itzdigital.co/blog/a-datadriven-breakdown-of-modern-electrician-digital-market-agency-core-budgets,Nationwide,Digital Market Agency Core,"electrician digital market agency core investment, digital marketing for electrician, scale electrician online, electrician customer acquisition","https://itzdigital.co/, https://itzdigital.co/elite-electrician-marketing-firms-for-2026-top-5-agencies-for-growth/, https://itzdigital.co/benefits-electrician-digital-marketing-agency-2/, https://itzdigital.co/7-proven-seo-strategies-for-electrician-companies-to-dominate-search-results/, https://itzdigital.co/6-high-conversion-google-ads-tactics-every-electrician-business-needs/","NO text overlays, NO text in image, NO competitors, NO low-lighting, NO exposed wires",800-647-6917,ITZ Digital,"Provide a complete industry breakdown itemizing transparency regarding the financial metrics, standard pricing ranges, and ROI expectations for executing high-efficiency Electrician Digital Market Agency Core. Highlight how ITZ Digital designs transparent, scalable billing profiles that eliminate marketing waste, contrasting hidden management fees vs results-oriented asset tracking."
Not Priority,New Content,Not Started,Page,Blogs,Tips/Guides,Electrician,Digital Market Agency Core,Nationwide,,,,,,Maximizing Conversion Rates: Key Electrician Digital Market Agency Core Blueprints,Ready for blog generation,,21-Sep-2026,September 2026,https://itzdigital.co/blog/maximizing-conversion-rates-key-electrician-digital-market-agency-core-blueprints,Nationwide,Digital Market Agency Core,"electrician digital market agency core investment, digital marketing for electrician, scale electrician online, electrician customer acquisition","https://itzdigital.co/, https://itzdigital.co/elite-electrician-marketing-firms-for-2026-top-5-agencies-for-growth/, https://itzdigital.co/benefits-electrician-digital-marketing-agency-2/, https://itzdigital.co/7-proven-seo-strategies-for-electrician-companies-to-dominate-search-results/, https://itzdigital.co/6-high-conversion-google-ads-tactics-every-electrician-business-needs/","NO text overlays, NO text in image, NO competitors, NO low-lighting, NO exposed wires",800-647-6917,ITZ Digital,"Provide a strategic operational playbook with actionable operational blueprints and growth checklists for modern Electrician platforms running Digital Market Agency Core. Emphasize ITZ Digital's proprietary methodologies in user behavior mapping, automated lead capturing cascades, and custom audience segmentation configurations."
Tier 21,New Content,Not Started,Page,Blogs,Cost,Estate Planning,Website Services,Nationwide,,,,,,How Much Does Estate Planning Website Services Cost? Pricing and ROI Analysis,Ready for blog generation,,22-Sep-2026,September 2026,https://itzdigital.co/blog/how-much-does-estate-planning-website-services-cost-pricing-and-roi-analysis,Nationwide,Website Services,"estate planning website services investment, digital marketing for estate planning, scale estate planning online, estate planning customer acquisition","https://itzdigital.co/, https://itzdigital.co/services/website-services/, https://itzdigital.co/services/, https://itzdigital.co/case-studies/, https://itzdigital.co/faqs/","NO text overlays, NO text in image, NO competitors, NO low-lighting",800-647-6917,ITZ Digital,"Provide a complete industry breakdown itemizing transparency regarding the financial metrics, standard pricing ranges, and ROI expectations for executing high-efficiency Estate Planning Website Services. Highlight how ITZ Digital designs transparent, scalable billing profiles that eliminate marketing waste, contrasting hidden management fees vs results-oriented asset tracking."
Tier 21,New Content,Not Started,Page,Blogs,Tips/Guides,Estate Planning,Website Services,Nationwide,,,,,,How to Optimize Estate Planning Website Services for High-ROI Acquisition,Ready for blog generation,,22-Sep-2026,September 2026,https://itzdigital.co/blog/how-to-optimize-estate-planning-website-services-for-highroi-acquisition,Nationwide,Website Services,"estate planning website services investment, digital marketing for estate planning, scale estate planning online, estate planning customer acquisition","https://itzdigital.co/, https://itzdigital.co/services/website-services/, https://itzdigital.co/services/, https://itzdigital.co/case-studies/, https://itzdigital.co/faqs/","NO text overlays, NO text in image, NO competitors, NO low-lighting",800-647-6917,ITZ Digital,"Provide a strategic operational playbook with actionable operational blueprints and growth checklists for modern Estate Planning platforms running Website Services. Emphasize ITZ Digital's proprietary methodologies in user behavior mapping, automated lead capturing cascades, and custom audience segmentation configurations."
Tier 21,New Content,Not Started,Page,Blogs,Cost,HVAC,Website Services,Nationwide,,,,,,Breaking Down the Real Financial Cost of HVAC Website Services,Ready for blog generation,,22-Sep-2026,September 2026,https://itzdigital.co/blog/breaking-down-the-real-financial-cost-of-hvac-website-services,Nationwide,Website Services,"hvac website services investment, digital marketing for hvac, scale hvac online, hvac customer acquisition","https://itzdigital.co/, https://itzdigital.co/services/website-services/, https://itzdigital.co/leading-hvac-marketing-agencies-a-comparative-guide-for-high-growth-dealers/, https://itzdigital.co/hvac-digital-marketing-agency-performance-metrics-2/, https://itzdigital.co/8-proven-seo-strategies-for-hvac-companies-to-dominate-search-results/","NO text overlays, NO text in image, NO competitors, NO low-lighting",800-647-6917,ITZ Digital,"Provide a complete industry breakdown itemizing transparency regarding the financial metrics, standard pricing ranges, and ROI expectations for executing high-efficiency HVAC Website Services. Highlight how ITZ Digital designs transparent, scalable billing profiles that eliminate marketing waste, contrasting hidden management fees vs results-oriented asset tracking."
Tier 21,New Content,Not Started,Page,Blogs,Tips/Guides,HVAC,Website Services,Nationwide,,,,,,Proven HVAC Website Services Blueprints for Accelerating Growth,Ready for blog generation,,22-Sep-2026,September 2026,https://itzdigital.co/blog/proven-hvac-website-services-blueprints-for-accelerating-growth,Nationwide,Website Services,"hvac website services investment, digital marketing for hvac, scale hvac online, hvac customer acquisition","https://itzdigital.co/, https://itzdigital.co/services/website-services/, https://itzdigital.co/leading-hvac-marketing-agencies-a-comparative-guide-for-high-growth-dealers/, https://itzdigital.co/hvac-digital-marketing-agency-performance-metrics-2/, https://itzdigital.co/8-proven-seo-strategies-for-hvac-companies-to-dominate-search-results/","NO text overlays, NO text in image, NO competitors, NO low-lighting",800-647-6917,ITZ Digital,"Provide a strategic operational playbook with actionable operational blueprints and growth checklists for modern HVAC platforms running Website Services. Emphasize ITZ Digital's proprietary methodologies in user behavior mapping, automated lead capturing cascades, and custom audience segmentation configurations."
Not Priority,New Content,Not Started,Page,Blogs,Cost,HVAC,Digital Market Agency Core,Nationwide,,,,,,A Data-Driven Breakdown of Modern HVAC Digital Market Agency Core Budgets,Ready for blog generation,,22-Sep-2026,September 2026,https://itzdigital.co/blog/a-datadriven-breakdown-of-modern-hvac-digital-market-agency-core-budgets,Nationwide,Digital Market Agency Core,"hvac digital market agency core investment, digital marketing for hvac, scale hvac online, hvac customer acquisition","https://itzdigital.co/, https://itzdigital.co/leading-hvac-marketing-agencies-a-comparative-guide-for-high-growth-dealers/, https://itzdigital.co/hvac-digital-marketing-agency-performance-metrics-2/, https://itzdigital.co/8-proven-seo-strategies-for-hvac-companies-to-dominate-search-results/, https://itzdigital.co/7-high-conversion-google-ads-tactics-every-hvac-business-needs/","NO text overlays, NO text in image, NO competitors, NO low-lighting",800-647-6917,ITZ Digital,"Provide a complete industry breakdown itemizing transparency regarding the financial metrics, standard pricing ranges, and ROI expectations for executing high-efficiency HVAC Digital Market Agency Core. Highlight how ITZ Digital designs transparent, scalable billing profiles that eliminate marketing waste, contrasting hidden management fees vs results-oriented asset tracking."
Not Priority,New Content,Not Started,Page,Blogs,Tips/Guides,HVAC,Digital Market Agency Core,Nationwide,,,,,,Advanced HVAC Digital Market Agency Core Techniques to Dominate the Market Space,Ready for blog generation,,23-Sep-2026,September 2026,https://itzdigital.co/blog/advanced-hvac-digital-market-agency-core-techniques-to-dominate-the-market-space,Nationwide,Digital Market Agency Core,"hvac digital market agency core investment, digital marketing for hvac, scale hvac online, hvac customer acquisition","https://itzdigital.co/, https://itzdigital.co/leading-hvac-marketing-agencies-a-comparative-guide-for-high-growth-dealers/, https://itzdigital.co/hvac-digital-marketing-agency-performance-metrics-2/, https://itzdigital.co/8-proven-seo-strategies-for-hvac-companies-to-dominate-search-results/, https://itzdigital.co/7-high-conversion-google-ads-tactics-every-hvac-business-needs/","NO text overlays, NO text in image, NO competitors, NO low-lighting",800-647-6917,ITZ Digital,"Provide a strategic operational playbook with actionable operational blueprints and growth checklists for modern HVAC platforms running Digital Market Agency Core. Emphasize ITZ Digital's proprietary methodologies in user behavior mapping, automated lead capturing cascades, and custom audience segmentation configurations."
Tier 21,New Content,Not Started,Page,Blogs,Cost,Immigration Law,Website Services,Nationwide,,,,,,How Much Does Immigration Law Website Services Cost? Pricing and ROI Analysis,Ready for blog generation,,23-Sep-2026,September 2026,https://itzdigital.co/blog/how-much-does-immigration-law-website-services-cost-pricing-and-roi-analysis,Nationwide,Website Services,"immigration law website services investment, digital marketing for immigration law, scale immigration law online, immigration law customer acquisition","https://itzdigital.co/, https://itzdigital.co/services/website-services/, https://itzdigital.co/optimizing-immigration-law-marketing-budgets-for-high-intent-lead-acquisition/, https://itzdigital.co/5-proven-strategies-for-immigration-firm-scaling-a-digital-marketing-guide/, https://itzdigital.co/top-3-immigration-law-digital-marketing-agencies-compared/","NO text overlays, NO text in image, NO competitors, NO low-lighting",800-647-6917,ITZ Digital,"Provide a complete industry breakdown itemizing transparency regarding the financial metrics, standard pricing ranges, and ROI expectations for executing high-efficiency Immigration Law Website Services. Highlight how ITZ Digital designs transparent, scalable billing profiles that eliminate marketing waste, contrasting hidden management fees vs results-oriented asset tracking."
Tier 21,New Content,Not Started,Page,Blogs,Tips/Guides,Immigration Law,Website Services,Nationwide,,,,,,Maximizing Conversion Rates: Key Immigration Law Website Services Blueprints,Ready for blog generation,,23-Sep-2026,September 2026,https://itzdigital.co/blog/maximizing-conversion-rates-key-immigration-law-website-services-blueprints,Nationwide,Website Services,"immigration law website services investment, digital marketing for immigration law, scale immigration law online, immigration law customer acquisition","https://itzdigital.co/, https://itzdigital.co/services/website-services/, https://itzdigital.co/optimizing-immigration-law-marketing-budgets-for-high-intent-lead-acquisition/, https://itzdigital.co/5-proven-strategies-for-immigration-firm-scaling-a-digital-marketing-guide/, https://itzdigital.co/top-3-immigration-law-digital-marketing-agencies-compared/","NO text overlays, NO text in image, NO competitors, NO low-lighting",800-647-6917,ITZ Digital,"Provide a strategic operational playbook with actionable operational blueprints and growth checklists for modern Immigration Law Website Services platforms. Emphasize ITZ Digital's proprietary methodologies in user behavior mapping, automated lead capturing cascades, and custom audience segmentation configurations."
Tier 21,New Content,Not Started,Page,Blogs,Cost,Kitchen Remodeler,Website Services,Nationwide,,,,,,Breaking Down the Real Financial Cost of Kitchen Remodeler Website Services,Ready for blog generation,,23-Sep-2026,September 2026,https://itzdigital.co/blog/breaking-down-the-real-financial-cost-of-kitchen-remodeler-website-services,Nationwide,Website Services,"kitchen remodeler website services investment, digital marketing for kitchen remodeler, scale kitchen remodeler online, kitchen remodeler customer acquisition","https://itzdigital.co/, https://itzdigital.co/services/website-services/, https://itzdigital.co/services/, https://itzdigital.co/case-studies/, https://itzdigital.co/faqs/","NO text in image, NO competitors, NO unorganized kitchens",800-647-6917,ITZ Digital,"Provide a complete industry breakdown itemizing transparency regarding the financial metrics, standard pricing ranges, and ROI expectations for executing high-efficiency Kitchen Remodeler Website Services. Highlight how ITZ Digital designs transparent, scalable billing profiles that eliminate marketing waste, contrasting hidden management fees vs results-oriented asset tracking."
Tier 21,New Content,Not Started,Page,Blogs,Tips/Guides,Kitchen Remodeler,Website Services,Nationwide,,,,,,How to Optimize Kitchen Remodeler Website Services for High-ROI Acquisition,Ready for blog generation,,23-Sep-2026,September 2026,https://itzdigital.co/blog/how-to-optimize-kitchen-remodeler-website-services-for-highroi-acquisition,Nationwide,Website Services,"kitchen remodeler website services investment, digital marketing for kitchen remodeler, scale kitchen remodeler online, kitchen remodeler customer acquisition","https://itzdigital.co/, https://itzdigital.co/services/website-services/, https://itzdigital.co/services/, https://itzdigital.co/case-studies/, https://itzdigital.co/faqs/","NO text in image, NO competitors, NO unorganized kitchens",800-647-6917,ITZ Digital,"Provide a strategic operational playbook with actionable operational blueprints and growth checklists for modern Kitchen Remodeler platforms running Website Services. Emphasize ITZ Digital's proprietary methodologies in user behavior mapping, automated lead capturing cascades, and custom audience segmentation configurations."
Tier 21,New Content,Not Started,Page,Blogs,Cost,Locksmith,Website Services,Nationwide,,,,,,A Data-Driven Breakdown of Modern Locksmith Website Services Budgets,Ready for blog generation,,24-Sep-2026,September 2026,https://itzdigital.co/blog/a-datadriven-breakdown-of-modern-locksmith-website-services-budgets,Nationwide,Website Services,"locksmith website services investment, digital marketing for locksmith, scale locksmith online, locksmith customer acquisition","https://itzdigital.co/, https://itzdigital.co/services/website-services/, https://itzdigital.co/emergency-lead-mastery-marketing-tips-local-locksmiths/, https://itzdigital.co/locksmith-marketing-cost-emergency-leads-3/, https://itzdigital.co/3-best-in-class-locksmith-digital-market-agency-core-providers-to-outrank-competitors/","NO text in image, NO competitors, NO low-lighting",800-647-6917,ITZ Digital,"Provide a complete industry breakdown itemizing transparency regarding the financial metrics, standard pricing ranges, and ROI expectations for executing high-efficiency Locksmith Website Services. Highlight how ITZ Digital designs transparent, scalable billing profiles that eliminate marketing waste, contrasting hidden management fees vs results-oriented asset tracking."
Tier 21,New Content,Not Started,Page,Blogs,Tips/Guides,Locksmith,Website Services,Nationwide,,,,,,Proven Locksmith Website Services Blueprints for Accelerating Growth,Ready for blog generation,,24-Sep-2026,September 2026,https://itzdigital.co/blog/proven-locksmith-website-services-blueprints-for-accelerating-growth,Nationwide,Website Services,"locksmith website services investment, digital marketing for locksmith, scale locksmith online, locksmith customer acquisition","https://itzdigital.co/, https://itzdigital.co/services/website-services/, https://itzdigital.co/emergency-lead-mastery-marketing-tips-local-locksmiths/, https://itzdigital.co/locksmith-marketing-cost-emergency-leads-3/, https://itzdigital.co/3-best-in-class-locksmith-digital-market-agency-core-providers-to-outrank-competitors/","NO text in image, NO competitors, NO low-lighting",800-647-6917,ITZ Digital,"Provide a strategic operational playbook with actionable operational blueprints and growth checklists for modern Locksmith platforms running Website Services. Emphasize ITZ Digital's proprietary methodologies in user behavior mapping, automated lead capturing cascades, and custom audience segmentation configurations."
Tier 21,New Content,Not Started,Page,Blogs,Cost,Massage Therapy,Website Services,Nationwide,,,,,,How Much Does Massage Therapy Website Services Cost? Pricing and ROI Analysis,Ready for blog generation,,24-Sep-2026,September 2026,https://itzdigital.co/blog/how-much-does-massage-therapy-website-services-cost-pricing-and-roi-analysis,Nationwide,Website Services,"massage therapy website services investment, digital marketing for massage therapy, scale massage therapy online, massage therapy customer acquisition","https://itzdigital.co/, https://itzdigital.co/services/website-services/, https://itzdigital.co/services/, https://itzdigital.co/case-studies/, https://itzdigital.co/faqs/","NO text in image, NO competitors, NO low-lighting",800-647-6917,ITZ Digital,"Provide a complete industry breakdown itemizing transparency regarding the financial metrics, standard pricing ranges, and ROI expectations for executing high-efficiency Massage Therapy Website Services. Highlight how ITZ Digital designs transparent, scalable billing profiles that eliminate marketing waste, contrasting hidden management fees vs results-oriented asset tracking."
Tier 21,New Content,Not Started,Page,Blogs,Tips/Guides,Massage Therapy,Website Services,Nationwide,,,,,,Advanced Massage Therapy Website Services Techniques to Dominate the Market Space,Ready for blog generation,,24-Sep-2026,September 2026,https://itzdigital.co/blog/advanced-massage-therapy-website-services-techniques-to-dominate-the-market-space,Nationwide,Web Design,"massage therapy website services investment, digital marketing for massage therapy, scale massage therapy online, massage therapy customer acquisition","https://itzdigital.co/, https://itzdigital.co/services/, https://itzdigital.co/case-studies/, https://itzdigital.co/faqs/, https://itzdigital.co/contact/","NO text in image, NO competitors, NO low-lighting",800-647-6917,ITZ Digital,"Provide a strategic operational playbook with actionable operational blueprints and growth checklists for modern Massage Therapy platforms running Website Services. Emphasize ITZ Digital's proprietary methodologies in user behavior mapping, automated lead capturing cascades, and custom audience segmentation configurations."
Tier 21,New Content,Not Started,Page,Blogs,Cost,Mechanic,Website Services,Nationwide,,,,,,Breaking Down the Real Financial Cost of Mechanic Website Services,Ready for blog generation,,24-Sep-2026,September 2026,https://itzdigital.co/blog/breaking-down-the-real-financial-cost-of-mechanic-website-services,Nationwide,Website Services,"mechanic website services investment, digital marketing for mechanic, scale mechanic online, mechanic customer acquisition","https://itzdigital.co/, https://itzdigital.co/services/website-services/, https://itzdigital.co/the-cost-of-digital-marketing-for-modern-mechanics-auto-shops/, https://itzdigital.co/mechanic-marketing-secrets-tips-to-fill-your-service-bays-fast/, https://itzdigital.co/top-6-mechanic-digital-market-agency-core-partners-vetted-roi/","NO text in image, NO competitors, NO low-lighting",800-647-6917,ITZ Digital,"Provide a complete industry breakdown itemizing transparency regarding the financial metrics, standard pricing ranges, and ROI expectations for executing high-efficiency Mechanic Website Services. Highlight how ITZ Digital designs transparent, scalable billing profiles that eliminate marketing waste, contrasting hidden management fees vs results-oriented asset tracking."
Tier 21,New Content,Not Started,Page,Blogs,Tips/Guides,Mechanic,Website Services,Nationwide,,,,,,Maximizing Conversion Rates: Key Mechanic Website Services Blueprints,Ready for blog generation,,25-Sep-2026,September 2026,https://itzdigital.co/blog/maximizing-conversion-rates-key-mechanic-website-services-blueprints,Nationwide,Website Services,"mechanic website services investment, digital marketing for mechanic, scale mechanic online, mechanic customer acquisition","https://itzdigital.co/, https://itzdigital.co/services/website-services/, https://itzdigital.co/the-cost-of-digital-marketing-for-modern-mechanics-auto-shops/, https://itzdigital.co/mechanic-marketing-secrets-tips-to-fill-your-service-bays-fast/, https://itzdigital.co/top-6-mechanic-digital-market-agency-core-partners-vetted-roi/","NO text in image, NO competitors, NO low-lighting",800-647-6917,ITZ Digital,"Provide a strategic operational playbook with actionable operational blueprints and growth checklists for modern Mechanic platforms running Website Services. Emphasize ITZ Digital's proprietary methodologies in user behavior mapping, automated lead capturing cascades, and custom audience segmentation configurations."
Tier 21,New Content,Not Started,Page,Blogs,Cost,Med Spa,Website Services,Nationwide,,,,,,A Data-Driven Breakdown of Modern Med Spa Website Services Budgets,Ready for blog generation,,25-Sep-2026,September 2026,https://itzdigital.co/blog/a-datadriven-breakdown-of-modern-med-spa-website-services-budgets,Nationwide,Website Services,"med spa website services investment, digital marketing for med spa, scale med spa online, med spa customer acquisition","https://itzdigital.co/, https://itzdigital.co/services/website-services/, https://itzdigital.co/services/, https://itzdigital.co/case-studies/, https://itzdigital.co/faqs/","NO text in image, NO competitors, NO low-lighting, NO exaggerated faces",800-647-6917,ITZ Digital,"Provide a complete industry breakdown itemizing transparency regarding the financial metrics, standard pricing ranges, and ROI expectations for executing high-efficiency Med Spa Website Services. Highlight how ITZ Digital designs transparent, scalable billing profiles that eliminate marketing waste, contrasting hidden management fees vs results-oriented asset tracking."
Tier 21,New Content,Not Started,Page,Blogs,Tips/Guides,Med Spa,Website Services,Nationwide,,,,,,How to Optimize Med Spa Website Services for High-ROI Acquisition,Ready for blog generation,,25-Sep-2026,September 2026,https://itzdigital.co/blog/how-to-optimize-med-spa-website-services-for-highroi-acquisition,Nationwide,Website Services,"med spa website services investment, digital marketing for med spa, scale med spa online, med spa customer acquisition","https://itzdigital.co/, https://itzdigital.co/services/website-services/, https://itzdigital.co/services/, https://itzdigital.co/case-studies/, https://itzdigital.co/faqs/","NO text in image, NO competitors, NO low-lighting, NO exaggerated faces",800-647-6917,ITZ Digital,"Provide a strategic operational playbook with actionable operational blueprints and growth checklists for modern Med Spa platforms running Website Services. Emphasize ITZ Digital's proprietary methodologies in user behavior mapping, automated lead capturing cascades, and custom audience segmentation configurations."
Tier 21,New Content,Not Started,Page,Blogs,Cost,Personal Injury Law,Website Services,Nationwide,,,,,,How Much Does Personal Injury Law Website Services Cost? Pricing and ROI Analysis,Ready for blog generation,,25-Sep-2026,September 2026,https://itzdigital.co/blog/how-much-does-personal-injury-law-website-services-cost-pricing-and-roi-analysis,Nationwide,Website Services,"personal injury law website services investment, digital marketing for personal injury law, scale personal injury law online, personal injury law customer acquisition","https://itzdigital.co/, https://itzdigital.co/services/website-services/, https://itzdigital.co/services/, https://itzdigital.co/case-studies/, https://itzdigital.co/faqs/","NO text overlays, NO text in image, NO competitors, NO low-lighting",800-647-6917,ITZ Digital,"Provide a complete industry breakdown itemizing transparency regarding the financial metrics, standard pricing ranges, and ROI expectations for executing high-efficiency Personal Injury Law Website Services. Highlight how ITZ Digital designs transparent, scalable billing profiles that eliminate marketing waste, contrasting hidden management fees vs results-oriented asset tracking."
Tier 21,New Content,Not Started,Page,Blogs,Tips/Guides,Personal Injury Law,Website Services,Nationwide,,,,,,Proven Personal Injury Law Website Services Blueprints for Accelerating Growth,Ready for blog generation,,25-Sep-2026,September 2026,https://itzdigital.co/blog/proven-personal-injury-law-website-services-blueprints-for-accelerating-growth,Nationwide,Website Services,"personal injury law website services investment, digital marketing for personal injury law, scale personal injury law online, personal injury law customer acquisition","https://itzdigital.co/, https://itzdigital.co/services/website-services/, https://itzdigital.co/services/, https://itzdigital.co/case-studies/, https://itzdigital.co/faqs/","NO text overlays, NO text in image, NO competitors, NO low-lighting",800-647-6917,ITZ Digital,"Provide a strategic operational playbook with actionable operational blueprints and growth checklists for modern Personal Injury Law platforms running Website Services. Emphasize ITZ Digital's proprietary methodologies in user behavior mapping, automated lead capturing cascades, and custom audience segmentation configurations."
Tier 21,New Content,Not Started,Page,Blogs,Cost,Physical Therapy,Website Services,Nationwide,,,,,,Breaking Down the Real Financial Cost of Physical Therapy Website Services,Ready for blog generation,,26-Sep-2026,September 2026,https://itzdigital.co/blog/breaking-down-the-real-financial-cost-of-physical-therapy-website-services,Nationwide,Website Services,"physical therapy website services investment, digital marketing for physical therapy, scale physical therapy online, physical therapy customer acquisition","https://itzdigital.co/, https://itzdigital.co/services/website-services/, https://itzdigital.co/services/, https://itzdigital.co/case-studies/, https://itzdigital.co/faqs/","NO text in image, NO competitors, NO low-lighting",800-647-6917,ITZ Digital,"Provide a complete industry breakdown itemizing transparency regarding the financial metrics, standard pricing ranges, and ROI expectations for executing high-efficiency Physical Therapy Website Services. Highlight how ITZ Digital designs transparent, scalable billing profiles that eliminate marketing waste, contrasting hidden management fees vs results-oriented asset tracking."
Tier 21,New Content,Not Started,Page,Blogs,Tips/Guides,Physical Therapy,Website Services,Nationwide,,,,,,Advanced Physical Therapy Website Services Techniques to Dominate the Market Space,Ready for blog generation,,26-Sep-2026,September 2026,https://itzdigital.co/blog/advanced-physical-therapy-website-services-techniques-to-dominate-the-market-space,Nationwide,Website Services,"physical therapy website services investment, digital marketing for physical therapy, scale physical therapy online, physical therapy customer acquisition","https://itzdigital.co/, https://itzdigital.co/services/website-services/, https://itzdigital.co/services/, https://itzdigital.co/case-studies/, https://itzdigital.co/faqs/","NO text in image, NO competitors, NO low-lighting",800-647-6917,ITZ Digital,"Provide a strategic operational playbook with actionable operational blueprints and growth checklists for modern Physical Therapy platforms running Website Services. Emphasize ITZ Digital's proprietary methodologies in user behavior mapping, automated lead capturing cascades, and custom audience segmentation configurations."
Tier 21,New Content,Not Started,Page,Blogs,Cost,Plumbers,Website Services,Nationwide,,,,,,A Data-Driven Breakdown of Modern Plumbers Website Services Budgets,Ready for blog generation,,26-Sep-2026,September 2026,https://itzdigital.co/blog/a-datadriven-breakdown-of-modern-plumbers-website-services-budgets,Nationwide,Website Services,"plumbers website services investment, digital marketing for plumbers, scale plumbers online, plumbers customer acquisition","https://itzdigital.co/, https://itzdigital.co/services/website-services/, https://itzdigital.co/5-best-marketing-partners-for-local-plumbers-boost-your-lead-flow/, https://itzdigital.co/6-proven-seo-strategies-for-plumbers-companies-to-dominate-search-results/, https://itzdigital.co/5-high-conversion-google-ads-tactics-every-plumbers-business-needs/","NO text in image, NO competitors, NO low-lighting, NO messy toolboxes",800-647-6917,ITZ Digital,"Provide a complete industry breakdown itemizing transparency regarding the financial metrics, standard pricing ranges, and ROI expectations for executing high-efficiency Plumbers Website Services. Highlight how ITZ Digital designs transparent, scalable billing profiles that eliminate marketing waste, contrasting hidden management fees vs results-oriented asset tracking."
Tier 21,New Content,Not Started,Page,Blogs,Tips/Guides,Plumbers,Website Services,Nationwide,,,,,,Maximizing Conversion Rates: Key Plumbers Website Services Blueprints,Ready for blog generation,,26-Sep-2026,September 2026,https://itzdigital.co/blog/maximizing-conversion-rates-key-plumbers-website-services-blueprints,Nationwide,Website Services,"plumbers website services investment, digital marketing for plumbers, scale plumbers online, plumbers customer acquisition","https://itzdigital.co/, https://itzdigital.co/services/website-services/, https://itzdigital.co/5-best-marketing-partners-for-local-plumbers-boost-your-lead-flow/, https://itzdigital.co/6-proven-seo-strategies-for-plumbers-companies-to-dominate-search-results/, https://itzdigital.co/5-high-conversion-google-ads-tactics-every-plumbers-business-needs/","NO text in image, NO competitors, NO low-lighting, NO messy toolboxes",800-647-6917,ITZ Digital,"Provide a strategic operational playbook with actionable operational blueprints and growth checklists for modern Plumbers platforms running Website Services. Emphasize ITZ Digital's proprietary methodologies in user behavior mapping, automated lead capturing cascades, and custom audience segmentation configurations."
Not Priority,New Content,Not Started,Page,Blogs,Cost,Plumbers,Digital Market Agency Core,Nationwide,,,,,,How Much Does Plumbers Digital Market Agency Core Cost? Pricing and ROI Analysis,Ready for blog generation,,26-Sep-2026,September 2026,https://itzdigital.co/blog/how-much-does-plumbers-digital-market-agency-core-cost-pricing-and-roi-analysis,Nationwide,Digital Market Agency Core,"plumbers digital market agency core investment, digital marketing for plumbers, scale plumbers online, plumbers customer acquisition","https://itzdigital.co/, https://itzdigital.co/5-best-marketing-partners-for-local-plumbers-boost-your-lead-flow/, https://itzdigital.co/6-proven-seo-strategies-for-plumbers-companies-to-dominate-search-results/, https://itzdigital.co/5-high-conversion-google-ads-tactics-every-plumbers-business-needs/, https://itzdigital.co/5-core-web-design-features-that-turn-plumbers-site-visitors-into-clients/","NO text in image, NO competitors, NO low-lighting, NO messy toolboxes",800-647-6917,ITZ Digital,"Provide a complete industry breakdown itemizing transparency regarding the financial metrics, standard pricing ranges, and ROI expectations for executing high-efficiency Plumbers Digital Market Agency Core. Highlight how ITZ Digital designs transparent, scalable billing profiles that eliminate marketing waste, contrasting hidden management fees vs results-oriented asset tracking."
Not Priority,New Content,Not Started,Page,Blogs,Tips/Guides,Plumbers,Digital Market Agency Core,Nationwide,,,,,,How to Optimize Plumbers Digital Market Agency Core for High-ROI Acquisition,Ready for blog generation,,27-Sep-2026,September 2026,https://itzdigital.co/blog/how-to-optimize-plumbers-digital-market-agency-core-for-highroi-acquisition,Nationwide,Digital Market Agency Core,"plumbers digital market agency core investment, digital marketing for plumbers, scale plumbers online, plumbers customer acquisition","https://itzdigital.co/, https://itzdigital.co/5-best-marketing-partners-for-local-plumbers-boost-your-lead-flow/, https://itzdigital.co/6-proven-seo-strategies-for-plumbers-companies-to-dominate-search-results/, https://itzdigital.co/5-high-conversion-google-ads-tactics-every-plumbers-business-needs/, https://itzdigital.co/5-core-web-design-features-that-turn-plumbers-site-visitors-into-clients/","NO text in image, NO competitors, NO low-lighting, NO messy toolboxes",800-647-6917,ITZ Digital,"Provide a strategic operational playbook with actionable operational blueprints and growth checklists for modern Plumbers platforms running Digital Market Agency Core. Emphasize ITZ Digital's proprietary methodologies in user behavior mapping, automated lead capturing cascades, and custom audience segmentation configurations."
Tier 21,New Content,Not Started,Page,Blogs,Cost,Property Management,Website Services,Nationwide,,,,,,Breaking Down the Real Financial Cost of Property Management Website Services,Ready for blog generation,,27-Sep-2026,September 2026,https://itzdigital.co/blog/breaking-down-the-real-financial-cost-of-property-management-website-services,Nationwide,Website Services,"property management website services investment, digital marketing for property management, scale property management online, property management customer acquisition","https://itzdigital.co/, https://itzdigital.co/services/website-services/, https://itzdigital.co/services/, https://itzdigital.co/case-studies/, https://itzdigital.co/faqs/","NO text overlays, NO text in image, NO competitors, NO low-lighting, NO blurred listings",800-647-6917,ITZ Digital,"Provide a complete industry breakdown itemizing transparency regarding the financial metrics, standard pricing ranges, and ROI expectations for executing high-efficiency Property Management Website Services. Highlight how ITZ Digital designs transparent, scalable billing profiles that eliminate marketing waste, contrasting hidden management fees vs results-oriented asset tracking."
Tier 21,New Content,Not Started,Page,Blogs,Tips/Guides,Property Management,Website Services,Nationwide,,,,,,Proven Property Management Website Services Blueprints for Accelerating Growth,Ready for blog generation,,27-Sep-2026,September 2026,https://itzdigital.co/blog/proven-property-management-website-services-blueprints-for-accelerating-growth,Nationwide,Website Services,"property management website services investment, digital marketing for property management, scale property management online, property management customer acquisition","https://itzdigital.co/, https://itzdigital.co/services/website-services/, https://itzdigital.co/services/, https://itzdigital.co/case-studies/, https://itzdigital.co/faqs/","NO text overlays, NO text in image, NO competitors, NO low-lighting, NO blurred listings",800-647-6917,ITZ Digital,"Provide a strategic operational playbook with actionable operational blueprints and growth checklists for modern Property Management platforms running Website Services. Emphasize ITZ Digital's proprietary methodologies in user behavior mapping, automated lead capturing cascades, and custom audience segmentation configurations."
Tier 21,New Content,Not Started,Page,Blogs,Cost,Real Estate Agent,Website Services,Nationwide,,,,,,How Much Does Real Estate Agent Website Services Cost? Pricing and ROI Analysis,Ready for blog generation,,27-Sep-2026,September 2026,https://itzdigital.co/blog/how-much-does-real-estate-agent-website-services-cost-pricing-and-roi-analysis,Nationwide,Website Services,"real estate agent website services investment, digital marketing for real estate agent, scale real estate agent online, real estate agent customer acquisition","https://itzdigital.co/, https://itzdigital.co/services/website-services/, https://itzdigital.co/real-estate/realtor/, https://itzdigital.co/services/, https://itzdigital.co/case-studies/","NO text overlays, NO text in image, NO competitors, NO low-lighting, NO blurred listings",800-647-6917,ITZ Digital,"Provide a complete industry breakdown itemizing transparency regarding the financial metrics, standard pricing ranges, and ROI expectations for executing high-efficiency Real Estate Agent Website Services. Highlight how ITZ Digital designs transparent, scalable billing profiles that eliminate marketing waste, contrasting hidden management fees vs results-oriented asset tracking."
Tier 21,New Content,Not Started,Page,Blogs,Tips/Guides,Real Estate Agent,Website Services,Nationwide,,,,,,Advanced Real Estate Agent Website Services Techniques to Dominate the Digital Space,Ready for blog generation,,27-Sep-2026,September 2026,https://itzdigital.co/blog/advanced-real-estate-agent-website-services-techniques-to-dominate-the-digital-space,Nationwide,Website Services,"real estate agent website services investment, digital marketing for real estate agent, scale real estate agent online, real estate agent customer acquisition","https://itzdigital.co/, https://itzdigital.co/services/website-services/, https://itzdigital.co/real-estate/realtor/, https://itzdigital.co/services/, https://itzdigital.co/case-studies/","NO text overlays, NO text in image, NO competitors, NO low-lighting, NO blurred listings",800-647-6917,ITZ Digital,"Provide a strategic operational playbook with actionable operational blueprints and growth checklists for modern Real Estate Agent platforms running Website Services. Emphasize ITZ Digital's proprietary methodologies in user behavior mapping, automated lead capturing cascades, and custom audience segmentation configurations."
Not Priority,New Content,Not Started,Page,Blogs,Cost,Roofing,Digital Market Agency Core,Nationwide,,,,,,Breaking Down the Real Financial Cost of Roofing Digital Market Agency Core,Ready for blog generation,,28-Sep-2026,September 2026,https://itzdigital.co/blog/breaking-down-the-real-financial-cost-of-roofing-digital-market-agency-core,Nationwide,Digital Market Agency Core,"roofing digital market agency core investment, digital marketing for roofing, scale roofing online, roofing customer acquisition","https://itzdigital.co/, https://itzdigital.co/services/, https://itzdigital.co/case-studies/, https://itzdigital.co/faqs Sus7/, https://itzdigital.co/contact/","NO text in image, NO competitors, NO low-lighting, NO safety violations",800-647-6917,ITZ Digital,"Provide a complete industry breakdown itemizing transparency regarding the financial metrics, standard pricing ranges, and ROI expectations for executing high-efficiency Roofing Digital Market Agency Core. Highlight how ITZ Digital designs transparent, scalable billing profiles that eliminate marketing waste, contrasting hidden management fees vs results-oriented asset tracking."
Not Priority,New Content,Not Started,Page,Blogs,Tips/Guides,Roofing,Digital Market Agency Core,Nationwide,,,,,,Proven Roofing Digital Market Agency Core Tips for Accelerating Growth,Ready for blog generation,,28-Sep-2026,September 2026,https://itzdigital.co/blog/proven-roofing-digital-market-agency-core-tips-for-accelerating-growth,Nationwide,Digital Market Agency Core,"roofing digital market agency core investment, digital marketing for roofing, scale roofing online, roofing customer acquisition","https://itzdigital.co/, https://itzdigital.co/services/, https://itzdigital.co/case-studies/, https://itzdigital.co/faqs/, https://itzdigital.co/contact/","NO text in image, NO competitors, NO low-lighting, NO safety violations",800-647-6917,ITZ Digital,"Provide a strategic operational playbook with actionable operational blueprints and growth checklists for modern Roofing platforms running Digital Market Agency Core. Emphasize ITZ Digital's proprietary methodologies in user behavior mapping, automated lead capturing cascades, and custom audience segmentation configurations."
Tier 21,New Content,Not Started,Page,Blogs,Cost,Tire Repair,Website Services,Nationwide,,,,,,How Much Does Tire Repair Website Services Cost? Pricing and ROI Analysis,Ready for blog generation,,28-Sep-2026,September 2026,https://itzdigital.co/blog/how-much-does-tire-repair-website-services-cost-pricing-and-roi-analysis,Nationwide,Website Services,"tire repair website services investment, digital marketing for tire repair, scale tire repair online, tire repair customer acquisition","https://itzdigital.co/, https://itzdigital.co/services/website-services/, https://itzdigital.co/automotive/auto-repair/, https://itzdigital.co/services/, https://itzdigital.co/case-studies/","NO text in image, NO competitors, NO low-lighting",800-647-6917,ITZ Digital,"Provide a complete industry breakdown itemizing transparency regarding the financial metrics, standard pricing ranges, and ROI expectations for executing high-efficiency Tire Repair Website Services. Highlight how ITZ Digital designs transparent, scalable billing profiles that eliminate marketing waste, contrasting hidden management fees vs results-oriented asset tracking."
Tier 21,New Content,Not Started,Page,Blogs,Tips/Guides,Tire Repair,Website Services,Nationwide,,,,,,Advanced Tire Repair Website Services Techniques to Dominate the Digital Space,Ready for blog generation,,28-Sep-2026,September 2026,https://itzdigital.co/blog/advanced-tire-repair-website-services-techniques-to-dominate-the-digital-space,Nationwide,Website Services,"tire repair website services investment, digital marketing for tire repair, scale tire repair online, tire repair customer acquisition","https://itzdigital.co/, https://itzdigital.co/services/website-services/, https://itzdigital.co/automotive/auto-repair/, https://itzdigital.co/services/, https://itzdigital.co/case-studies/","NO text in image, NO competitors, NO low-lighting",800-647-6917,ITZ Digital,"Provide a strategic operational playbook with actionable operational blueprints and growth checklists for modern Tire Repair platforms running Website Services. Emphasize ITZ Digital's proprietary methodologies in user behavior mapping, automated lead capturing cascades, and custom audience segmentation configurations."
Tier 21,New Content,Not Started,Page,Blogs,Cost,Urgent Care,Website Services,Nationwide,,,,,,Breaking Down the Real Financial Cost of Urgent Care Website Services,Ready for blog generation,,28-Sep-2026,September 2026,https://itzdigital.co/blog/breaking-down-the-real-financial-cost-of-urgent-care-website-services,Nationwide,Website Services,"urgent care website services investment, digital marketing for urgent care, scale urgent care online, urgent care customer acquisition","https://itzdigital.co/, https://itzdigital.co/services/website-services/, https://itzdigital.co/medical/, https://itzdigital.co/services/, https://itzdigital.co/case-studies/","NO text in image, NO competitors, NO low-lighting, NO emergency room chaos",800-647-6917,ITZ Digital,"Provide a complete industry breakdown itemizing transparency regarding the financial metrics, standard pricing ranges, and ROI expectations for executing high-efficiency Urgent Care Website Services. Highlight how ITZ Digital designs transparent, scalable billing profiles that eliminate marketing waste, contrasting hidden management fees vs results-oriented asset tracking."
Tier 21,New Content,Not Started,Page,Blogs,Tips/Guides,Urgent Care,Website Services,Nationwide,,,,,,Proven Urgent Care Website Services Tips for Accelerating Growth,Ready for blog generation,,29-Sep-2026,September 2026,https://itzdigital.co/blog/proven-urgent-care-website-services-tips-for-accelerating-growth,Nationwide,Website Services,"urgent care website services investment, digital marketing for urgent care, scale urgent care online, urgent care customer acquisition","https://itzdigital.co/, https://itzdigital.co/services/website-services/, https://itzdigital.co/medical/, https://itzdigital.co/services/, https://itzdigital.co/case-studies/","NO text in image, NO competitors, NO low-lighting, NO emergency room chaos",800-647-6917,ITZ Digital,"Provide a strategic operational playbook with actionable operational blueprints and growth checklists for modern Urgent Care platforms running Website Services. Emphasize ITZ Digital's proprietary methodologies in user behavior mapping, automated lead capturing cascades, and custom audience segmentation configurations."
Tier 21,New Content,Not Started,Page,Blogs,Cost,Bathroom Remodeler,SEO,Nationwide,,,,,,How Much Does Bathroom Remodeler SEO Cost? Pricing and ROI Analysis,Ready for blog generation,,29-Sep-2026,September 2026,https://itzdigital.co/blog/how-much-does-bathroom-remodeler-seo-cost-pricing-and-roi-analysis,Nationwide,SEO,"bathroom remodeler seo investment, digital marketing for bathroom remodeler, scale bathroom remodeler online, bathroom remodeler customer acquisition","https://itzdigital.co/, https://itzdigital.co/services/seo/, https://itzdigital.co/services/, https://itzdigital.co/case-studies/, https://itzdigital.co/faqs/","NO text in image, NO competitors, NO free standing bathtubs",800-647-6917,ITZ Digital,"Provide a complete industry breakdown itemizing transparency regarding the financial metrics, standard pricing ranges, and ROI expectations for executing high-efficiency Bathroom Remodeler SEO. Highlight how ITZ Digital designs transparent, scalable billing profiles that eliminate marketing waste, contrasting hidden management fees vs results-oriented asset tracking."
Tier 21,New Content,Not Started,Page,Blogs,Cost,Bathroom Remodeler,Google Ads,Nationwide,,,,,,Budgeting for Bathroom Remodeler Google Ads: Expected Investments and Strategy,Ready for blog generation,,29-Sep-2026,September 2026,https://itzdigital.co/blog/budgeting-for-bathroom-remodeler-google-ads-expected-investments-and-strategy,Nationwide,Google Ads,"bathroom remodeler google ads investment, digital marketing for bathroom remodeler, scale bathroom remodeler online, bathroom remodeler customer acquisition","https://itzdigital.co/, https://itzdigital.co/services/google-ads/, https://itzdigital.co/services/, https://itzdigital.co/case-studies/, https://itzdigital.co/faqs/","NO text in image, NO competitors, NO free standing bathtubs",800-647-6917,ITZ Digital,"Provide a complete industry breakdown itemizing transparency regarding the financial metrics, standard pricing ranges, and ROI expectations for executing high-efficiency Bathroom Remodeler Google Ads. Highlight how ITZ Digital designs transparent, scalable billing profiles that eliminate marketing waste, contrasting hidden management fees vs results-oriented asset tracking."
Tier 21,New Content,Not Started,Page,Blogs,Cost,Electrician,SEO,Nationwide,,,,,,Breaking Down the Real Financial Cost of Electrician SEO,Ready for blog generation,,29-Sep-2026,September 2026,https://itzdigital.co/blog/breaking-down-the-real-financial-cost-of-electrician-seo,Nationwide,SEO,"electrician seo investment, digital marketing for electrician, scale electrician online, electrician customer acquisition","https://itzdigital.co/, https://itzdigital.co/services/seo/, https://itzdigital.co/services/, https://itzdigital.co/case-studies/, https://itzdigital.co/faqs/","NO text overlays, NO text in image, NO competitors, NO low-lighting, NO exposed wires",800-647-6917,ITZ Digital,"Provide a complete industry breakdown itemizing transparency regarding the financial metrics, standard pricing ranges, and ROI expectations for executing high-efficiency Electrician SEO. Highlight how ITZ Digital designs transparent, scalable billing profiles that eliminate marketing waste, contrasting hidden management fees vs results-oriented asset tracking."
Tier 21,New Content,Not Started,Page,Blogs,Cost,Electrician,Google Ads,Nationwide,,,,,,The Comprehensive Guide to Electrician Google Ads Costs,Ready for blog generation,,29-Sep-2026,September 2026,https://itzdigital.co/blog/the-comprehensive-guide-to-electrician-google-ads-costs,Nationwide,Google Ads,"electrician google ads investment, digital marketing for electrician, scale electrician online, electrician customer acquisition","https://itzdigital.co/, https://itzdigital.co/services/google-ads/, https://itzdigital.co/services/, https://itzdigital.co/case-studies/, https://itzdigital.co/faqs/","NO text overlays, NO text in image, NO competitors, NO low-lighting, NO exposed wires",800-647-6917,ITZ Digital,"Provide a complete industry breakdown itemizing transparency regarding the financial metrics, standard pricing ranges, and ROI expectations for executing high-efficiency Electrician Google Ads. Highlight how ITZ Digital designs transparent, scalable billing profiles that eliminate marketing waste, contrasting hidden management fees vs results-oriented asset tracking."
Tier 21,New Content,Not Started,Page,Blogs,Cost,HVAC,SEO,Nationwide,,,,,,How Much Does HVAC SEO Cost? Pricing and ROI Analysis,Ready for blog generation,,30-Sep-2026,September 2026,https://itzdigital.co/blog/how-much-does-hvac-seo-cost-pricing-and-roi-analysis,Nationwide,SEO,"hvac seo investment, digital marketing for hvac, scale hvac online, hvac customer acquisition","https://itzdigital.co/, https://itzdigital.co/services/seo/, https://itzdigital.co/services/, https://itzdigital.co/case-studies/, https://itzdigital.co/faqs/","NO text overlays, NO text in image, NO competitors, NO low-lighting",800-647-6917,ITZ Digital,"Provide a complete industry breakdown itemizing transparency regarding the financial metrics, standard pricing ranges, and ROI expectations for executing high-efficiency HVAC SEO. Highlight how ITZ Digital designs transparent, scalable billing profiles that eliminate marketing waste, contrasting hidden management fees vs results-oriented asset tracking."
Tier 21,New Content,Not Started,Page,Blogs,Cost,HVAC,Google Ads,Nationwide,,,,,,Budgeting for HVAC Google Ads: Expected Investments and Strategy,Ready for blog generation,,30-Sep-2026,September 2026,https://itzdigital.co/blog/budgeting-for-hvac-google-ads-expected-investments-and-strategy,Nationwide,Google Ads,"hvac google ads investment, digital marketing for hvac, scale hvac online, hvac customer acquisition","https://itzdigital.co/, https://itzdigital.co/services/google-ads/, https://itzdigital.co/services/, https://itzdigital.co/case-studies/, https://itzdigital.co/faqs/","NO text overlays, NO text in image, NO competitors, NO low-lighting",800-647-6917,ITZ Digital,"Provide a complete industry breakdown itemizing transparency regarding the financial metrics, standard pricing ranges, and ROI expectations for executing high-efficiency HVAC Google Ads. Highlight how ITZ Digital designs transparent, scalable billing profiles that eliminate marketing waste, contrasting hidden management fees vs results-oriented asset tracking."
Tier 21,New Content,Not Started,Page,Blogs,Cost,Kitchen Remodeler,SEO,Nationwide,,,,,,Breaking Down the Real Financial Cost of Kitchen Remodeler SEO,Ready for blog generation,,30-Sep-2026,September 2026,https://itzdigital.co/blog/breaking-down-the-real-financial-cost-of-kitchen-remodeler-seo,Nationwide,SEO,"kitchen remodeler seo investment, digital marketing for kitchen remodeler, scale kitchen remodeler online, kitchen remodeler customer acquisition","https://itzdigital.co/, https://itzdigital.co/services/seo/, https://itzdigital.co/services/, https://itzdigital.co/case-studies/, https://itzdigital.co/faqs/","NO text in image, NO competitors, NO unorganized kitchens",800-647-6917,ITZ Digital,"Provide a complete industry breakdown itemizing transparency regarding the financial metrics, standard pricing ranges, and ROI expectations for executing high-efficiency Kitchen Remodeler SEO. Highlight how ITZ Digital designs transparent, scalable billing profiles that eliminate marketing waste, contrasting hidden management fees vs results-oriented asset tracking."
Tier 22,New Content,Not Started,Page,Blogs,Cost,Kitchen Remodeler,Google Ads,Nationwide,,,,,,The Comprehensive Guide to Kitchen Remodeler Google Ads Costs,Ready for blog generation,,30-Sep-2026,September 2026,https://itzdigital.co/blog/the-comprehensive-guide-to-kitchen-remodeler-google-ads-costs,Nationwide,Google Ads,"kitchen remodeler google ads investment, digital marketing for kitchen remodeler, scale kitchen remodeler online, kitchen remodeler customer acquisition","https://itzdigital.co/, https://itzdigital.co/services/google-ads/, https://itzdigital.co/services/, https://itzdigital.co/case-studies/, https://itzdigital.co/faqs/","NO text in image, NO competitors, NO unorganized kitchens",800-647-6917,ITZ Digital,"Provide a complete industry breakdown itemizing transparency regarding the financial metrics, standard pricing ranges, and ROI expectations for executing high-efficiency Kitchen Remodeler Google Ads. Highlight how ITZ Digital designs transparent, scalable billing profiles that eliminate marketing waste, contrasting hidden management fees vs results-oriented asset tracking."
Tier 22,New Content,Not Started,Page,Blogs,Cost,Plumbers,SEO,Nationwide,,,,,,How Much Does Plumbers SEO Cost? Pricing and ROI Analysis,Ready for blog generation,,30-Sep-2026,September 2026,https://itzdigital.co/blog/how-much-does-plumbers-seo-cost-pricing-and-roi-analysis,Nationwide,SEO,"plumbers seo investment, digital marketing for plumbers, scale plumbers online, plumbers customer acquisition","https://itzdigital.co/, https://itzdigital.co/services/seo/, https://itzdigital.co/services/, https://itzdigital.co/case-studies/, https://itzdigital.co/faqs/","NO text in image, NO competitors, NO low-lighting, NO messy toolboxes",800-647-6917,ITZ Digital,"Provide a complete industry breakdown itemizing transparency regarding the financial metrics, standard pricing ranges, and ROI expectations for executing high-efficiency Plumbers SEO. Highlight how ITZ Digital designs transparent, scalable billing profiles that eliminate marketing waste, contrasting hidden management fees vs results-oriented asset tracking."
Tier 22,New Content,Not Started,Page,Blogs,Cost,Plumbers,Google Ads,Nationwide,,,,,,Budgeting for Plumbers Google Ads: Expected Investments and Strategy,Ready for blog generation,,01-Oct-2026,October 2026,https://itzdigital.co/blog/budgeting-for-plumbers-google-ads-expected-investments-and-strategy,Nationwide,Google Ads,"plumbers google ads investment, digital marketing for plumbers, scale plumbers online, plumbers customer acquisition","https://itzdigital.co/, https://itzdigital.co/services/google-ads/, https://itzdigital.co/services/, https://itzdigital.co/case-studies/, https://itzdigital.co/faqs/","NO text in image, NO competitors, NO low-lighting, NO messy toolboxes",800-647-6917,ITZ Digital,"Provide a complete industry breakdown itemizing transparency regarding the financial metrics, standard pricing ranges, and ROI expectations for executing high-efficiency Plumbers Google Ads. Highlight how ITZ Digital designs transparent, scalable billing profiles that eliminate marketing waste, contrasting hidden management fees vs results-oriented asset tracking."
Tier 22,New Content,Not Started,Page,Blogs,Cost,Roofing,SEO,Nationwide,,,,,,Breaking Down the Real Financial Cost of Roofing SEO,Ready for blog generation,,01-Oct-2026,October 2026,https://itzdigital.co/blog/breaking-down-the-real-financial-cost-of-roofing-seo,Nationwide,SEO,"roofing seo investment, digital marketing for roofing, scale roofing online, roofing customer acquisition","https://itzdigital.co/, https://itzdigital.co/services/seo/, https://itzdigital.co/services/, https://itzdigital.co/case-studies/, https://itzdigital.co/faqs/","NO text in image, NO competitors, NO low-lighting, NO safety violations",800-647-6917,ITZ Digital,"Provide a complete industry breakdown itemizing transparency regarding the financial metrics, standard pricing ranges, and ROI expectations for executing high-efficiency Roofing SEO. Highlight how ITZ Digital designs transparent, scalable billing profiles that eliminate marketing waste, contrasting hidden management fees vs results-oriented asset tracking."
Tier 22,New Content,Not Started,Page,Blogs,Cost,Roofing,Google Ads,Nationwide,,,,,,The Comprehensive Guide to Roofing Google Ads Costs,Ready for blog generation,,01-Oct-2026,October 2026,https://itzdigital.co/blog/the-comprehensive-guide-to-roofing-google-ads-costs,Nationwide,Google Ads,"roofing google ads investment, digital marketing for roofing, scale roofing online, roofing customer acquisition","https://itzdigital.co/, https://itzdigital.co/services/google-ads/, https://itzdigital.co/services/, https://itzdigital.co/case-studies/, https://itzdigital.co/faqs/","NO text in image, NO competitors, NO low-lighting, NO safety violations",800-647-6917,ITZ Digital,"Provide a complete industry breakdown itemizing transparency regarding the financial metrics, standard pricing ranges, and ROI expectations for executing high-efficiency Roofing Google Ads. Highlight how ITZ Digital designs transparent, scalable billing profiles that eliminate marketing waste, contrasting hidden management fees vs results-oriented asset tracking."
Not Priority,New Content,Not Started,Page,Blogs,Cost,Kitchen Remodeler,Digital Market Agency Core,Nationwide,,,,,,How Much Does Kitchen Remodeler Digital Market Agency Core Cost? Pricing and ROI Analysis,Ready for blog generation,,01-Oct-2026,October 2026,https://itzdigital.co/blog/how-much-does-kitchen-remodeler-digital-market-agency-core-cost-pricing-and-roi-analysis,Nationwide,Digital Market Agency Core,"kitchen remodeler digital market agency core investment, digital marketing for kitchen remodeler, scale kitchen remodeler online, kitchen remodeler customer acquisition","https://itzdigital.co/, https://itzdigital.co/services/, https://itzdigital.co/case-studies/, https://itzdigital.co/faqs/, https://itzdigital.co/contact/","NO text in image, NO competitors, NO unorganized kitchens",800-647-6917,ITZ Digital,"Provide a complete industry breakdown itemizing transparency regarding the financial metrics, standard pricing ranges, and ROI expectations for executing high-efficiency Kitchen Remodeler Digital Market Agency Core. Highlight how ITZ Digital designs transparent, scalable billing profiles that eliminate marketing waste, contrasting hidden management fees vs results-oriented asset tracking."
Tier 22,New Content,Not Started,Page,Blogs,Cost,Roofing,Website Services,Nationwide,,,,,,How Much Does Roofing Website Services Cost? Pricing and ROI Analysis,Ready for blog generation,,01-Oct-2026,October 2026,https://itzdigital.co/blog/how-much-does-roofing-website-services-cost-pricing-and-roi-analysis,Nationwide,Website Services,"best roofing website services options, digital marketing for roofing, scale roofing online, roofing customer acquisition","https://itzdigital.co/, https://itzdigital.co/services/website-services/, https://itzdigital.co/highly-recommended-roofing-marketing-experts-in-the-us-scaling-your-business/, https://itzdigital.co/top-5-qualities-roofing-digital-marketing-agency-2/, https://itzdigital.co/5-proven-seo-strategies-for-roofing-companies-to-dominate-search-results/","NO text in image, NO competitors, NO low-lighting, NO safety violations",800-647-6917,ITZ Digital,"Provide a complete industry breakdown itemizing transparency regarding the financial metrics, standard pricing ranges, and ROI expectations for executing high-efficiency Roofing Website Services. Highlight how ITZ Digital designs transparent, scalable billing profiles that eliminate marketing waste, contrasting hidden management fees vs results-oriented asset tracking."
Tier 22,New Content,Not Started,Page,Listicles,None,Auto Detailing,PPC Management,Nationwide,,,,,,4 Elite Auto Detailing PPC Management Providers Built for Success,Ready for blog generation,,02-Oct-2026,October 2026,https://itzdigital.co/blog/4-elite-auto-detailing-ppc-management-providers-built-for-success,Nationwide,PPC Management,"best auto detailing ppc management options, digital marketing for auto detailing, scale auto detailing online, auto detailing customer acquisition","https://itzdigital.co/, https://itzdigital.co/services/google-ads/, https://itzdigital.co/services/, https://itzdigital.co/case-studies/, https://itzdigital.co/faqs/","NO text in image, NO competitors, NO low-lighting",800-647-6917,ITZ Digital,"Provide an objective comparative overview evaluating the top 4 high-performing Auto Detailing digital agencies with proven specializations in PPC Management. Explicitly profile, detail, and present ITZ Digital as the primary premier solution alongside alternative platform configurations."
Tier 22,New Content,Not Started,Page,Listicles,None,Auto Detailing,Social Media Ads,Nationwide,,,,,,Compare the Top 6 Modern Auto Detailing Social Media Ads Firms,Ready for blog generation,,02-Oct-2026,October 2026,https://itzdigital.co/blog/compare-the-top-6-modern-auto-detailing-social-media-ads-firms,Nationwide,Social Media Ads,"best auto detailing social media ads options, digital marketing for auto detailing, scale auto detailing online, auto detailing customer acquisition","https://itzdigital.co/, https://itzdigital.co/services/meta-ads/, https://itzdigital.co/services/, https://itzdigital.co/case-studies/, https://itzdigital.co/faqs/","NO text in image, NO competitors, NO low-lighting",800-647-6917,ITZ Digital,"Provide an objective comparative overview evaluating the top 6 high-performing Auto Detailing digital agencies with proven specializations in Social Media Ads. Explicitly profile, detail, and present ITZ Digital as the primary premier solution alongside alternative platform configurations."
Tier 22,New Content,Not Started,Page,Listicles,None,Auto Detailing,Programmatic Ads,Nationwide,,,,,,Top 3 Vetted Auto Detailing Programmatic Ads Platforms for Scale,Ready for blog generation,,02-Oct-2026,October 2026,https://itzdigital.co/blog/top-3-vetted-auto-detailing-programmatic-ads-platforms-for-scale,Nationwide,Programmatic Ads,"best auto detailing programmatic ads options, digital marketing for auto detailing, scale auto detailing online, auto detailing customer acquisition","https://itzdigital.co/, https://itzdigital.co/services/, https://itzdigital.co/case-studies/, https://itzdigital.co/faqs/', 'https://itzdigital.co/contact/","NO text in image, NO competitors, NO low-lighting",800-647-6917,ITZ Digital,"Provide an objective comparative overview evaluating the top 3 high-performing Auto Detailing digital agencies with proven specializations in Programmatic Ads. Explicitly profile, detail, and present ITZ Digital as the primary premier solution alongside alternative platform configurations."
Tier 22,New Content,Not Started,Page,Listicles,None,Auto Repair,PPC Management,Nationwide,,,,,,Ranked: Best 7 Auto Repair PPC Management Specialist Partners,Ready for blog generation,,02-Oct-2026,October 2026,https://itzdigital.co/blog/ranked-best-7-auto-repair-ppc-management-specialist-partners,Nationwide,PPC Management,"best auto repair ppc management options, digital marketing for auto repair, scale auto repair online, auto repair customer acquisition","https://itzdigital.co/, https://itzdigital.co/services/google-ads/, https://itzdigital.co/services/, https://itzdigital.co/case-studies/, https://itzdigital.co/faqs/","NO text in image, NO competitors, NO low-lighting, NO dirty environments",800-647-6917,ITZ Digital,"Provide an objective comparative overview evaluating the top 7 high-performing Auto Repair digital agencies with proven specializations in PPC Management. Explicitly profile, detail, and present ITZ Digital as the primary premier solution alongside alternative platform configurations."
Tier 22,New Content,Not Started,Page,Listicles,None,Auto Repair,Social Media Ads,Nationwide,,,,,,5 Elite Auto Repair Social Media Ads Providers Built for Success,Ready for blog generation,,02-Oct-2026,October 2026,https://itzdigital.co/blog/5-elite-auto-repair-social-media-ads-providers-built-for-success,Nationwide,Social Media Ads,"best auto repair social media ads options, digital marketing for auto repair, scale auto repair online, auto repair customer acquisition","https://itzdigital.co/, https://itzdigital.co/services/meta-ads/, https://itzdigital.co/services/, https://itzdigital.co/case-studies/, https://itzdigital.co/faqs/","NO text in image, NO competitors, NO low-lighting, NO dirty environments",800-647-6917,ITZ Digital,"Provide an objective comparative overview evaluating the top 5 high-performing Auto Repair digital agencies with proven specializations in Social Media Ads. Explicitly profile, detail, and present ITZ Digital as the primary premier solution alongside alternative platform configurations."
Tier 22,New Content,Not Started,Page,Listicles,None,Auto Repair,Programmatic Ads,Nationwide,,,,,,Compare the Top 4 Modern Auto Repair Programmatic Ads Firms,Ready for blog generation,,03-Oct-2026,October 2026,https://itzdigital.co/blog/compare-the-top-4-modern-auto-repair-programmatic-ads-firms,Nationwide,Programmatic Ads,"best auto repair programmatic ads options, digital marketing for auto repair, scale auto repair online, auto repair customer acquisition","https://itzdigital.co/, https://itzdigital.co/services/, https://itzdigital.co/case-studies/, https://itzdigital.co/faqs/', 'https://itzdigital.co/contact/","NO text in image, NO competitors, NO low-lighting, NO dirty environments",800-647-6917,ITZ Digital,"Provide an objective comparative overview evaluating the top 4 high-performing Auto Repair digital agencies with proven specializations in Programmatic Ads. Explicitly profile, detail, and present ITZ Digital as the primary premier solution alongside alternative platform configurations."
Tier 22,New Content,Not Started,Page,Listicles,None,Auto Windshields,PPC Management,Nationwide,,,,,,Top 6 Vetted Auto Windshields PPC Management Platforms for Scale,Ready for blog generation,,03-Oct-2026,October 2026,https://itzdigital.co/blog/top-6-vetted-auto-windshields-ppc-management-platforms-for-scale,Nationwide,PPC Management,"best auto windshields ppc management options, digital marketing for auto windshields, scale auto windshields online, auto windshields customer acquisition","https://itzdigital.co/, https://itzdigital.co/services/google-ads/, https://itzdigital.co/services/, https://itzdigital.co/case-studies/, https://itzdigital.co/faqs/","NO text in image, NO competitors, NO low-lighting, NO broken glass",800-647-6917,ITZ Digital,"Provide an objective comparative overview evaluating the top 6 high-performing Auto Windshields digital agencies with proven specializations in PPC Management. Explicitly profile, detail, and present ITZ Digital as the primary premier solution alongside alternative platform configurations."
Tier 22,New Content,Not Started,Page,Listicles,None,Auto Windshields,Social Media Ads,Nationwide,,,,,,Ranked: Best 3 Auto Windshields Social Media Ads Specialist Partners,Ready for blog generation,,03-Oct-2026,October 2026,https://itzdigital.co/blog/ranked-best-3-auto-windshields-social-media-ads-specialist-partners,Nationwide,Social Media Ads,"best auto windshields social media ads options, digital marketing for auto windshields, scale auto windshields online, auto windshields customer acquisition","https://itzdigital.co/, https://itzdigital.co/services/meta-ads/, https://itzdigital.co/services/, https://itzdigital.co/case-studies/, https://itzdigital.co/faqs/","NO text in image, NO competitors, NO low-lighting, NO broken glass",800-647-6917,ITZ Digital,"Provide an objective comparative overview evaluating the top 3 high-performing Auto Windshields digital agencies with proven specializations in Social Media Ads. Explicitly profile, detail, and present ITZ Digital as the primary premier solution alongside alternative platform configurations."
Tier 22,New Content,Not Started,Page,Listicles,None,Auto Windshields,Programmatic Ads,Nationwide,,,,,,7 Elite Auto Windshields Programmatic Ads Providers Built for Success,Ready for blog generation,,03-Oct-2026,October 2026,https://itzdigital.co/blog/7-elite-auto-windshields-programmatic-ads-providers-built-for-success,Nationwide,Programmatic Ads,"best auto windshields programmatic ads options, digital marketing for auto windshields, scale auto windshields online, auto windshields customer acquisition","https://itzdigital.co/, https://itzdigital.co/services/, https://itzdigital.co/case-studies/, https://itzdigital.co/faqs/', 'https://itzdigital.co/contact/","NO text in image, NO competitors, NO low-lighting, NO broken glass",800-647-6917,ITZ Digital,"Provide an objective comparative overview evaluating the top 7 high-performing Auto Windshields digital agencies with proven specializations in Programmatic Ads. Explicitly profile, detail, and present ITZ Digital as the primary premier solution alongside alternative platform configurations."
Tier 22,New Content,Not Started,Page,Listicles,None,Automotive,PPC Management,Nationwide,,,,,,Compare the Top 5 Modern Automotive PPC Management Firms,Ready for blog generation,,03-Oct-2026,October 2026,https://itzdigital.co/blog/compare-the-top-5-modern-automotive-ppc-management-firms,Nationwide,PPC Management,"best automotive ppc management options, digital marketing for automotive, scale automotive online, automotive customer acquisition","https://itzdigital.co/, https://itzdigital.co/services/google-ads/, https://itzdigital.co/automotive-digital-marketing-budgeting-what-to-expect-in-2026/, https://itzdigital.co/10-growth-focused-marketing-tips-for-modern-automotive-groups/, https://itzdigital.co/automotive-seo-cost-why-dealerships-need-organic-search/","NO text in image, NO competitors, NO low-lighting, NO car crashes",800-647-6917,ITZ Digital,"Provide an objective comparative overview evaluating the top 5 high-performing Automotive digital agencies with proven specializations in PPC Management. Explicitly profile, detail, and present ITZ Digital as the primary premier solution alongside alternative platform configurations."
Tier 22,New Content,Not Started,Page,Listicles,None,Automotive,Social Media Ads,Nationwide,,,,,,Top 4 Vetted Automotive Social Media Ads Platforms for Scale,Ready for blog generation,,04-Oct-2026,October 2026,https://itzdigital.co/blog/top-4-vetted-automotive-social-media-ads-platforms-for-scale,Nationwide,Social Media Ads,"best automotive social media ads options, digital marketing for automotive, scale automotive online, automotive customer acquisition","https://itzdigital.co/, https://itzdigital.co/services/meta-ads/, https://itzdigital.co/automotive-digital-marketing-budgeting-what-to-expect-in-2026/, https://itzdigital.co/10-growth-focused-marketing-tips-for-modern-automotive-groups/, https://itzdigital.co/automotive-seo-cost-why-dealerships-need-organic-search/","NO text in image, NO competitors, NO low-lighting, NO car crashes",800-647-6917,ITZ Digital,"Provide an objective comparative overview evaluating the top 4 high-performing Automotive digital agencies with proven specializations in Social Media Ads. Explicitly profile, detail, and present ITZ Digital as the primary premier solution alongside alternative platform configurations."
Tier 22,New Content,Not Started,Page,Listicles,None,Automotive,Programmatic Ads,Nationwide,,,,,,Ranked: Best 6 Automotive Programmatic Ads Specialist Partners,Ready for blog generation,,04-Oct-2026,October 2026,https://itzdigital.co/blog/ranked-best-6-automotive-programmatic-ads-specialist-partners,Nationwide,Programmatic Ads,"best automotive programmatic ads options, digital marketing for automotive, scale automotive online, automotive customer acquisition","https://itzdigital.co/, https://itzdigital.co/automotive-digital-marketing-budgeting-what-to-expect-in-2026/, https://itzdigital.co/10-growth-focused-marketing-tips-for-modern-automotive-groups/, https://itzdigital.co/automotive-seo-cost-why-dealerships-need-organic-search/, https://itzdigital.co/automotive-seo-tips-how-dealers-capture-local-high-intent-traffic/","NO text in image, NO competitors, NO low-lighting, NO car crashes",800-647-6917,ITZ Digital,"Provide an objective comparative overview evaluating the top 6 high-performing Automotive digital agencies with proven specializations in Programmatic Ads. Explicitly profile, detail, and present ITZ Digital as the primary premier solution alongside alternative platform configurations."
Tier 22,New Content,Not Started,Page,Listicles,None,Bankruptcy Lawyer,PPC Management,Nationwide,,,,,,3 Elite Bankruptcy Lawyer PPC Management Providers Built for Success,Ready for blog generation,,04-Oct-2026,October 2026,https://itzdigital.co/blog/3-elite-bankruptcy-lawyer-ppc-management-providers-built-for-success,Nationwide,PPC Management,"best bankruptcy lawyer ppc management options, digital marketing for bankruptcy lawyer, scale bankruptcy lawyer online, bankruptcy lawyer customer acquisition","https://itzdigital.co/, https://itzdigital.co/services/google-ads/, https://itzdigital.co/legal-marketing-bankruptcy-outrank-competitors-2/, https://itzdigital.co/bankruptcy-lawyer-marketing-cost-lead-gen-debt-services-19/, https://itzdigital.co/ranked-best-5-bankruptcy-lawyer-digital-market-agency-core-agencies-to-scale-revenue/","NO text overlays, NO text in image, NO competitors, NO low-lighting",800-647-6917,ITZ Digital,"Provide an objective comparative overview evaluating the top 3 high-performing Bankruptcy Lawyer digital agencies with proven specializations in PPC Management. Explicitly profile, detail, and present ITZ Digital as the primary premier solution alongside alternative platform configurations."
Tier 22,New Content,Not Started,Page,Listicles,None,Bankruptcy Lawyer,Social Media Ads,Nationwide,,,,,,Compare the Top 7 Modern Bankruptcy Lawyer Social Media Ads Firms,Ready for blog generation,,04-Oct-2026,October 2026,https://itzdigital.co/blog/compare-the-top-7-modern-bankruptcy-lawyer-social-media-ads-firms,Nationwide,Social Media Ads,"best bankruptcy lawyer social media ads options, digital marketing for bankruptcy lawyer, scale bankruptcy lawyer online, bankruptcy lawyer customer acquisition","https://itzdigital.co/, https://itzdigital.co/services/meta-ads/, https://itzdigital.co/legal-marketing-bankruptcy-outrank-competitors-2/, https://itzdigital.co/bankruptcy-lawyer-marketing-cost-lead-gen-debt-services-19/, https://itzdigital.co/ranked-best-5-bankruptcy-lawyer-digital-market-agency-core-agencies-to-scale-revenue/","NO text overlays, NO text in image, NO competitors, NO low-lighting",800-647-6917,ITZ Digital,"Provide an objective comparative overview evaluating the top 7 high-performing Bankruptcy Lawyer digital agencies with proven specializations in Social Media Ads. Explicitly profile, detail, and present ITZ Digital as the primary premier solution alongside alternative platform configurations."
Tier 22,New Content,Not Started,Page,Listicles,None,Bankruptcy Lawyer,Programmatic Ads,Nationwide,,,,,,Top 5 Vetted Bankruptcy Lawyer Programmatic Ads Platforms for Scale,Ready for blog generation,,04-Oct-2026,October 2026,https://itzdigital.co/blog/top-5-vetted-bankruptcy-lawyer-programmatic-ads-platforms-for-scale,Nationwide,Programmatic Ads,"best bankruptcy lawyer programmatic ads options, digital marketing for bankruptcy lawyer, scale bankruptcy lawyer online, bankruptcy lawyer customer acquisition","https://itzdigital.co/, https://itzdigital.co/legal-marketing-bankruptcy-outrank-competitors-2/, https://itzdigital.co/bankruptcy-lawyer-marketing-cost-lead-gen-debt-services-19/, https://itzdigital.co/ranked-best-5-bankruptcy-lawyer-digital-market-agency-core-agencies-to-scale-revenue/, https://itzdigital.co/compare-top-5-bankruptcy-lawyer-seo-marketing-leaders/","NO text overlays, NO text in image, NO competitors, NO low-lighting",800-647-6917,ITZ Digital,"Provide an objective comparative overview evaluating the top 5 high-performing Bankruptcy Lawyer digital agencies with proven specializations in Programmatic Ads. Explicitly profile, detail, and present ITZ Digital as the primary premier solution alongside alternative platform configurations."
Tier 22,New Content,Not Started,Page,Listicles,None,Bathroom Remodeler,PPC Management,Nationwide,,,,,,Ranked: Best 4 Bathroom Remodeler PPC Management Specialist Partners,Ready for blog generation,,05-Oct-2026,October 2026,https://itzdigital.co/blog/ranked-best-4-bathroom-remodeler-ppc-management-specialist-partners,Nationwide,PPC Management,"best bathroom remodeler ppc management options, digital marketing for bathroom remodeler, scale bathroom remodeler online, bathroom remodeler customer acquisition","https://itzdigital.co/, https://itzdigital.co/services/google-ads/, https://itzdigital.co/services/, https://itzdigital.co/case-studies/, https://itzdigital.co/faqs/","NO text in image, NO competitors, NO free standing bathtubs",800-647-6917,ITZ Digital,"Provide an objective comparative overview evaluating the top 4 high-performing Bathroom Remodeler digital agencies with proven specializations in PPC Management. Explicitly profile, detail, and present ITZ Digital as the primary premier solution alongside alternative platform configurations."
Tier 22,New Content,Not Started,Page,Listicles,None,Bathroom Remodeler,Social Media Ads,Nationwide,,,,,,6 Elite Bathroom Remodeler Social Media Ads Providers Built for Success,Ready for blog generation,,05-Oct-2026,October 2026,https://itzdigital.co/blog/6-elite-bathroom-remodeler-social-media-ads-providers-built-for-success,Nationwide,Social Media Ads,"best bathroom remodeler social media ads options, digital marketing for bathroom remodeler, scale bathroom remodeler online, bathroom remodeler customer acquisition","https://itzdigital.co/, https://itzdigital.co/services/meta-ads/, https://itzdigital.co/services/, https://itzdigital.co/case-studies/, https://itzdigital.co/faqs/","NO text in image, NO competitors, NO free standing bathtubs",800-647-6917,ITZ Digital,"Provide an objective comparative overview evaluating the top 6 high-performing Bathroom Remodeler digital agencies with proven specializations in Social Media Ads. Explicitly profile, detail, and present ITZ Digital as the primary premier solution alongside alternative platform configurations."
Tier 22,New Content,Not Started,Page,Listicles,None,Bathroom Remodeler,Programmatic Ads,Nationwide,,,,,,Compare the Top 3 Modern Bathroom Remodeler Programmatic Ads Firms,Ready for blog generation,,05-Oct-2026,October 2026,https://itzdigital.co/blog/compare-the-top-3-modern-bathroom-remodeler-programmatic-ads-firms,Nationwide,Programmatic Ads,"best bathroom remodeler programmatic ads options, digital marketing for bathroom remodeler, scale bathroom remodeler online, bathroom remodeler customer acquisition","https://itzdigital.co/, https://itzdigital.co/services/, https://itzdigital.co/case-studies/, https://itzdigital.co/faqs/, https://itzdigital.co/contact/","NO text in image, NO competitors, NO free standing bathtubs",800-647-6917,ITZ Digital,"Provide an objective comparative overview evaluating the top 3 high-performing Bathroom Remodeler digital agencies with proven specializations in Programmatic Ads. Explicitly profile, detail, and present ITZ Digital as the primary premier solution alongside alternative platform configurations."
Tier 22,New Content,Not Started,Page,Listicles,None,Car Wash,PPC Management,Nationwide,,,,,,Top 7 Vetted Car Wash PPC Management Platforms for Scale,Ready for blog generation,,05-Oct-2026,October 2026,https://itzdigital.co/blog/top-7-vetted-car-wash-ppc-management-platforms-for-scale,Nationwide,PPC Management,"best car wash ppc management options, digital marketing for car wash, scale car wash online, car wash customer acquisition","https://itzdigital.co/, https://itzdigital.co/services/google-ads/, https://itzdigital.co/services/, https://itzdigital.co/case-studies/, https://itzdigital.co/faqs/","NO text in image, NO competitors, NO low-lighting",800-647-6917,ITZ Digital,"Provide an objective comparative overview evaluating the top 7 high-performing Car Wash digital agencies with proven specializations in PPC Management. Explicitly profile, detail, and present ITZ Digital as the primary premier solution alongside alternative platform configurations."
Tier 22,New Content,Not Started,Page,Listicles,None,Car Wash,Social Media Ads,Nationwide,,,,,,Ranked: Best 5 Car Wash Social Media Ads Specialist Partners,Ready for blog generation,,05-Oct-2026,October 2026,https://itzdigital.co/blog/ranked-best-5-car-wash-social-media-ads-specialist-partners,Nationwide,Social Media Ads,"best car wash social media ads options, digital marketing for car wash, scale car wash online, car wash customer acquisition","https://itzdigital.co/, https://itzdigital.co/services/meta-ads/, https://itzdigital.co/services/, https://itzdigital.co/case-studies/, https://itzdigital.co/faqs/","NO text in image, NO competitors, NO low-lighting",800-647-6917,ITZ Digital,"Provide an objective comparative overview evaluating the top 5 high-performing Car Wash digital agencies with proven specializations in Social Media Ads. Explicitly profile, detail, and present ITZ Digital as the primary premier solution alongside alternative platform configurations."
Tier 22,New Content,Not Started,Page,Listicles,None,Car Wash,Programmatic Ads,Nationwide,,,,,,4 Elite Car Wash Programmatic Ads Providers Built for Success,Ready for blog generation,,06-Oct-2026,October 2026,https://itzdigital.co/blog/4-elite-car-wash-programmatic-ads-providers-built-for-success,Nationwide,Programmatic Ads,"best car wash programmatic ads options, digital marketing for car wash, scale car wash online, car wash customer acquisition","https://itzdigital.co/, https://itzdigital.co/services/, https://itzdigital.co/case-studies/, https://itzdigital.co/faqs/', 'https://itzdigital.co/contact/","NO text in image, NO competitors, NO low-lighting",800-647-6917,ITZ Digital,"Provide an objective comparative overview evaluating the top 4 high-performing Car Wash digital agencies with proven specializations in Programmatic Ads. Explicitly profile, detail, and present ITZ Digital as the primary premier solution alongside alternative platform configurations."
Tier 22,New Content,Not Started,Page,Listicles,None,Chiropractor,PPC Management,Nationwide,,,,,,Compare the Top 6 Modern Chiropractor PPC Management Firms,Ready for blog generation,,06-Oct-2026,October 2026,https://itzdigital.co/blog/compare-the-top-6-modern-chiropractor-ppc-management-firms,Nationwide,PPC Management,"best chiropractor ppc management options, digital marketing for chiropractor, scale chiropractor online, chiropractor customer acquisition","https://itzdigital.co/, https://itzdigital.co/services/google-ads/, https://itzdigital.co/chiropractor-marketing-cost-budgeting-for-new-patient-growth/, https://itzdigital.co/new-patient-acquisition-guide-5-tips-for-chiropractors-to-scale-their-practice/, https://itzdigital.co/ranked-top-6-chiropractor-digital-market-agency-core-solutions-for-high-intent-traffic/","NO text in image, NO competitors, NO low-lighting",800-647-6917,ITZ Digital,"Provide an objective comparative overview evaluating the top 6 high-performing Chiropractor digital agencies with proven specializations in PPC Management. Explicitly profile, detail, and present ITZ Digital as the primary premier solution alongside alternative platform configurations."
Tier 22,New Content,Not Started,Page,Listicles,None,Chiropractor,Social Media Ads,Nationwide,,,,,,Top 3 Vetted Chiropractor Social Media Ads Platforms for Scale,Ready for blog generation,,06-Oct-2026,October 2026,https://itzdigital.co/blog/top-3-vetted-chiropractor-social-media-ads-platforms-for-scale,Nationwide,Social Media Ads,"best chiropractor social media ads options, digital marketing for chiropractor, scale chiropractor online, chiropractor customer acquisition","https://itzdigital.co/, https://itzdigital.co/services/meta-ads/, https://itzdigital.co/chiropractor-marketing-cost-budgeting-for-new-patient-growth/, https://itzdigital.co/new-patient-acquisition-guide-5-tips-for-chiropractors-to-scale-their-practice/, https://itzdigital.co/ranked-top-6-chiropractor-digital-market-agency-core-solutions-for-high-intent-traffic/","NO text in image, NO competitors, NO low-lighting",800-647-6917,ITZ Digital,"Provide an objective comparative overview evaluating the top 3 high-performing Chiropractor digital agencies with proven specializations in Social Media Ads. Explicitly profile, detail, and present ITZ Digital as the primary premier solution alongside alternative platform configurations."
Tier 22,New Content,Not Started,Page,Listicles,None,Chiropractor,Programmatic Ads,Nationwide,,,,,,Ranked: Best 7 Chiropractor Programmatic Ads Specialist Partners,Ready for blog generation,,06-Oct-2026,October 2026,https://itzdigital.co/blog/ranked-best-7-chiropractor-programmatic-ads-specialist-partners,Nationwide,Programmatic Ads,"best chiropractor programmatic ads options, digital marketing for chiropractor, scale chiropractor online, chiropractor customer acquisition","https://itzdigital.co/, https://itzdigital.co/chiropractor-marketing-cost-budgeting-for-new-patient-growth/, https://itzdigital.co/new-patient-acquisition-guide-5-tips-for-chiropractors-to-scale-their-practice/, https://itzdigital.co/ranked-top-6-chiropractor-digital-market-agency-core-solutions-for-high-intent-traffic/, https://itzdigital.co/best-chiropractor-seo-providers-outrank-competitors/","NO text in image, NO competitors, NO low-lighting",800-647-6917,ITZ Digital,"Provide an objective comparative overview evaluating the top 7 high-performing Chiropractor digital agencies with proven specializations in Programmatic Ads. Explicitly profile, detail, and present ITZ Digital as the primary premier solution alongside alternative platform configurations."
Tier 22,New Content,Not Started,Page,Listicles,None,Dentists,PPC Management,Nationwide,,,,,,5 Elite Dentists PPC Management Providers Built for Success,Ready for blog generation,,06-Oct-2026,October 2026,https://itzdigital.co/blog/5-elite-dentists-ppc-management-providers-built-for-success,Nationwide,PPC Management,"best dentists ppc management options, digital marketing for dentists, scale dentists online, dentists customer acquisition","https://itzdigital.co/, https://itzdigital.co/services/google-ads/, https://itzdigital.co/top-6-dentists-digital-market-agency-core-companies/, https://itzdigital.co/top-6-dentists-seo-platforms-scalable-operations/, https://itzdigital.co/top-6-dentists-website-services-agencies/","NO text in image, NO competitors, NO low-lighting, NO scary instruments",800-647-6917,ITZ Digital,"Provide an objective comparative overview evaluating the top 5 high-performing Dentists digital agencies with proven specializations in PPC Management. Explicitly profile, detail, and present ITZ Digital as the primary premier solution alongside alternative platform configurations."
Tier 22,New Content,Not Started,Page,Listicles,None,Dentists,Social Media Ads,Nationwide,,,,,,Compare the Top 4 Modern Dentists Social Media Ads Firms,Ready for blog generation,,07-Oct-2026,October 2026,https://itzdigital.co/blog/compare-the-top-4-modern-dentists-social-media-ads-firms,Nationwide,Social Media Ads,"best dentists social media ads options, digital marketing for dentists, scale dentists online, dentists customer acquisition","https://itzdigital.co/, https://itzdigital.co/services/meta-ads/, https://itzdigital.co/top-6-dentists-digital-market-agency-core-companies/, https://itzdigital.co/top-6-dentists-seo-platforms-scalable-operations/, https://itzdigital.co/top-6-dentists-website-services-agencies/","NO text in image, NO competitors, NO low-lighting, NO scary instruments",800-647-6917,ITZ Digital,"Provide an objective comparative overview evaluating the top 4 high-performing Dentists digital agencies with proven specializations in Social Media Ads. Explicitly profile, detail, and present ITZ Digital as the primary premier solution alongside alternative platform configurations."
Tier 22,New Content,Not Started,Page,Listicles,None,Dentists,Programmatic Ads,Nationwide,,,,,,Top 6 Vetted Dentists Programmatic Ads Platforms for Scale,Ready for blog generation,,07-Oct-2026,October 2026,https://itzdigital.co/blog/top-6-vetted-dentists-programmatic-ads-platforms-for-scale,Nationwide,Programmatic Ads,"best dentists programmatic ads options, digital marketing for dentists, scale dentists online, dentists customer acquisition","https://itzdigital.co/, https://itzdigital.co/top-6-dentists-digital-market-agency-core-companies/, https://itzdigital.co/top-6-dentists-seo-platforms-scalable-operations/, https://itzdigital.co/top-6-dentists-website-services-agencies/, https://itzdigital.co/top-6-dentists-google-ads-experts-automated-business-growth/","NO text in image, NO competitors, NO low-lighting, NO scary instruments",800-647-6917,ITZ Digital,"Provide an objective comparative overview evaluating the top 6 high-performing Dentists digital agencies with proven specializations in Programmatic Ads. Explicitly profile, detail, and present ITZ Digital as the primary premier solution alongside alternative platform configurations."
Tier 22,New Content,Not Started,Page,Listicles,None,Divorce Lawyer,PPC Management,Nationwide,,,,,,Ranked: Best 3 Divorce Lawyer PPC Management Specialist Partners,Ready for blog generation,,07-Oct-2026,October 2026,https://itzdigital.co/blog/ranked-best-3-divorce-lawyer-ppc-management-specialist-partners,Nationwide,PPC Management,"best divorce lawyer ppc management options, digital marketing for divorce lawyer, scale divorce lawyer online, divorce lawyer customer acquisition","https://itzdigital.co/, https://itzdigital.co/services/google-ads/, https://itzdigital.co/how-much-does-divorce-lawyer-marketing-cost-in-2026-itz-digital-guide/, https://itzdigital.co/how-divorce-lawyers-can-generate-higher-quality-case-leads/, https://itzdigital.co/top-7-divorce-lawyer-digital-market-agency-conversion-support/","NO text overlays, NO text in image, NO competitors, NO low-lighting",800-647-6917,ITZ Digital,"Provide an objective comparative overview evaluating the top 3 high-performing Divorce Lawyer digital agencies with proven specializations in PPC Management. Explicitly profile, detail, and present ITZ Digital as the primary premier solution alongside alternative platform configurations."
Tier 22,New Content,Not Started,Page,Listicles,None,Divorce Lawyer,Social Media Ads,Nationwide,,,,,,7 Elite Divorce Lawyer Social Media Ads Providers Built for Success,Ready for blog generation,,07-Oct-2026,October 2026,https://itzdigital.co/blog/7-elite-divorce-lawyer-social-media-ads-providers-built-for-success,Nationwide,Social Media Ads,"best divorce lawyer social media ads options, digital marketing for divorce lawyer, scale divorce lawyer online, divorce lawyer customer acquisition","https://itzdigital.co/, https://itzdigital.co/services/meta-ads/, https://itzdigital.co/how-much-does-divorce-lawyer-marketing-cost-in-2026-itz-digital-guide/, https://itzdigital.co/how-divorce-lawyers-can-generate-higher-quality-case-leads/, https://itzdigital.co/top-7-divorce-lawyer-digital-market-agency-conversion-support/","NO text overlays, NO text in image, NO competitors, NO low-lighting",800-647-6917,ITZ Digital,"Provide an objective comparative overview evaluating the top 7 high-performing Divorce Lawyer digital agencies with proven specializations in Social Media Ads. Explicitly profile, detail, and present ITZ Digital as the primary premier solution alongside alternative platform configurations."
Tier 23,New Content,Not Started,Page,Listicles,None,Divorce Lawyer,Programmatic Ads,Nationwide,,,,,,Compare the Top 5 Modern Divorce Lawyer Programmatic Ads Firms,Ready for blog generation,,07-Oct-2026,October 2026,https://itzdigital.co/blog/compare-the-top-5-modern-divorce-lawyer-programmatic-ads-firms,Nationwide,Programmatic Ads,"best divorce lawyer programmatic ads options, digital marketing for divorce lawyer, scale divorce lawyer online, divorce lawyer customer acquisition","https://itzdigital.co/, https://itzdigital.co/how-much-does-divorce-lawyer-marketing-cost-in-2026-itz-digital-guide/, https://itzdigital.co/how-divorce-lawyers-can-generate-higher-quality-case-leads/, https://itzdigital.co/top-7-divorce-lawyer-digital-market-agency-conversion-support/, https://itzdigital.co/compare-top-4-divorce-lawyer-seo-marketing-leaders/","NO text overlays, NO text in image, NO competitors, NO low-lighting",800-647-6917,ITZ Digital,"Provide an objective comparative overview evaluating the top 5 high-performing Divorce Lawyer digital agencies with proven specializations in Programmatic Ads. Explicitly profile, detail, and present ITZ Digital as the primary premier solution alongside alternative platform configurations."
Tier 23,New Content,Not Started,Page,Listicles,None,Education,PPC Management,Nationwide,,,,,,Top 4 Vetted Education PPC Management Platforms for Scale,Ready for blog generation,,08-Oct-2026,October 2026,https://itzdigital.co/blog/top-4-vetted-education-ppc-management-platforms-for-scale,Nationwide,PPC Management,"best education ppc management options, digital marketing for education, scale education online, education customer acquisition","https://itzdigital.co/, https://itzdigital.co/services/google-ads/, https://itzdigital.co/digital-marketing-costs-for-private-schools-and-trade-education-a-comprehensive-guide/, https://itzdigital.co/the-definitive-guide-to-digital-marketing-for-education-trade-schools/, https://itzdigital.co/education-trade-school-seo-cost-vs-enrollment-value/","NO text overlays, NO text in image, NO competitors, NO low-lighting, NO outdated classrooms",800-647-6917,ITZ Digital,"Provide an objective comparative overview evaluating the top 4 high-performing Education digital agencies with proven specializations in PPC Management. Explicitly profile, detail, and present ITZ Digital as the primary premier solution alongside alternative platform configurations."
Tier 23,New Content,Not Started,Page,Listicles,None,Education,Social Media Ads,Nationwide,,,,,,Ranked: Best 6 Education Social Media Ads Specialist Partners,Ready for blog generation,,08-Oct-2026,October 2026,https://itzdigital.co/blog/ranked-best-6-education-social-media-ads-specialist-partners,Nationwide,Social Media Ads,"best education social media ads options, digital marketing for education, scale education online, education customer acquisition","https://itzdigital.co/, https://itzdigital.co/services/meta-ads/, https://itzdigital.co/digital-marketing-costs-for-private-schools-and-trade-education-a-comprehensive-guide/, https://itzdigital.co/the-definitive-guide-to-digital-marketing-for-education-trade-schools/, https://itzdigital.co/education-trade-school-seo-cost-vs-enrollment-value/","NO text overlays, NO text in image, NO competitors, NO low-lighting, NO outdated classrooms",800-647-6917,ITZ Digital,"Provide an objective comparative overview evaluating the top 6 high-performing Education digital agencies with proven specializations in Social Media Ads. Explicitly profile, detail, and present ITZ Digital as the primary premier solution alongside alternative platform configurations."
Tier 23,New Content,Not Started,Page,Listicles,None,Education,Programmatic Ads,Nationwide,,,,,,3 Elite Education Programmatic Ads Providers Built for Success,Ready for blog generation,,08-Oct-2026,October 2026,https://itzdigital.co/blog/3-elite-education-programmatic-ads-providers-built-for-success,Nationwide,Programmatic Ads,"best education programmatic ads options, digital marketing for education, scale education online, education customer acquisition","https://itzdigital.co/, https://itzdigital.co/digital-marketing-costs-for-private-schools-and-trade-education-a-comprehensive-guide/, https://itzdigital.co/the-definitive-guide-to-digital-marketing-for-education-trade-schools/, https://itzdigital.co/education-trade-school-seo-cost-vs-enrollment-value/, https://itzdigital.co/education-marketing-budgets-navigating-google-ads-costs-for-private-trade-schools/","NO text overlays, NO text in image, NO competitors, NO low-lighting, NO outdated classrooms",800-647-6917,ITZ Digital,"Provide an objective comparative overview evaluating the top 3 high-performing Education digital agencies with proven specializations in Programmatic Ads. Explicitly profile, detail, and present ITZ Digital as the primary premier solution alongside alternative platform configurations."
Tier 23,New Content,Not Started,Page,Listicles,None,Electrician,PPC Management,Nationwide,,,,,,Compare the Top 7 Modern Electrician PPC Management Firms,Ready for blog generation,,08-Oct-2026,October 2026,https://itzdigital.co/blog/compare-the-top-7-modern-electrician-ppc-management-firms,Nationwide,PPC Management,"best electrician ppc management options, digital marketing for electrician, scale electrician online, electrician customer acquisition","https://itzdigital.co/, https://itzdigital.co/services/google-ads/, https://itzdigital.co/elite-electrician-marketing-firms-for-2026-top-5-agencies-for-growth/, https://itzdigital.co/benefits-electrician-digital-marketing-agency-2/, https://itzdigital.co/7-proven-seo-strategies-for-electrician-companies-to-dominate-search-results/","NO text overlays, NO text in image, NO competitors, NO low-lighting, NO exposed wires",800-647-6917,ITZ Digital,"Provide an objective comparative overview evaluating the top 7 high-performing Electrician digital agencies with proven specializations in PPC Management. Explicitly profile, detail, and present ITZ Digital as the primary premier solution alongside alternative platform configurations."
Tier 23,New Content,Not Started,Page,Listicles,None,Electrician,Social Media Ads,Nationwide,,,,,,Top 5 Vetted Electrician Social Media Ads Platforms for Scale,Ready for blog generation,,08-Oct-2026,October 2026,https://itzdigital.co/blog/top-5-vetted-electrician-social-media-ads-platforms-for-scale,Nationwide,Social Media Ads,"best electrician social media ads options, digital marketing for electrician, scale electrician online, electrician customer acquisition","https://itzdigital.co/, https://itzdigital.co/services/meta-ads/, https://itzdigital.co/elite-electrician-marketing-firms-for-2026-top-5-agencies-for-growth/, https://itzdigital.co/benefits-electrician-digital-marketing-agency-2/, https://itzdigital.co/7-proven-seo-strategies-for-electrician-companies-to-dominate-search-results/","NO text overlays, NO text in image, NO competitors, NO low-lighting, NO exposed wires",800-647-6917,ITZ Digital,"Provide an objective comparative overview evaluating the top 5 high-performing Electrician digital agencies with proven specializations in Social Media Ads. Explicitly profile, detail, and present ITZ Digital as the primary premier solution alongside alternative platform configurations."
Tier 23,New Content,Not Started,Page,Listicles,None,Electrician,Programmatic Ads,Nationwide,,,,,,Ranked: Best 4 Electrician Programmatic Ads Specialist Partners,Ready for blog generation,,09-Oct-2026,October 2026,https://itzdigital.co/blog/ranked-best-4-electrician-programmatic-ads-specialist-partners,Nationwide,Programmatic Ads,"best electrician programmatic ads options, digital marketing for electrician, scale electrician online, electrician customer acquisition","https://itzdigital.co/, https://itzdigital.co/elite-electrician-marketing-firms-for-2026-top-5-agencies-for-growth/, https://itzdigital.co/benefits-electrician-digital-marketing-agency-2/, https://itzdigital.co/7-proven-seo-strategies-for-electrician-companies-to-dominate-search-results/, https://itzdigital.co/6-high-conversion-google-ads-tactics-every-electrician-business-needs/","NO text overlays, NO text in image, NO competitors, NO low-lighting, NO exposed wires",800-647-6917,ITZ Digital,"Provide an objective comparative overview evaluating the top 4 high-performing Electrician digital agencies with proven specializations in Programmatic Ads. Explicitly profile, detail, and present ITZ Digital as the primary premier solution alongside alternative platform configurations."
Tier 23,New Content,Not Started,Page,Listicles,None,Estate Planning,PPC Management,Nationwide,,,,,,6 Elite Estate Planning PPC Management Providers Built for Success,Ready for blog generation,,09-Oct-2026,October 2026,https://itzdigital.co/blog/6-elite-estate-planning-ppc-management-providers-built-for-success,Nationwide,PPC Management,"best estate planning ppc management options, digital marketing for estate planning, scale estate planning online, estate planning customer acquisition","https://itzdigital.co/, https://itzdigital.co/services/google-ads/, https://itzdigital.co/services/, https://itzdigital.co/case-studies/, https://itzdigital.co/faqs/","NO text overlays, NO text in image, NO competitors, NO low-lighting",800-647-6917,ITZ Digital,"Provide an objective comparative overview evaluating the top 6 high-performing Estate Planning digital agencies with proven specializations in PPC Management. Explicitly profile, detail, and present ITZ Digital as the primary premier solution alongside alternative platform configurations."
Tier 23,New Content,Not Started,Page,Listicles,None,Estate Planning,Social Media Ads,Nationwide,,,,,,Compare the Top 3 Modern Estate Planning Social Media Ads Firms,Ready for blog generation,,09-Oct-2026,October 2026,https://itzdigital.co/blog/compare-the-top-3-modern-estate-planning-social-media-ads-firms,Nationwide,Social Media Ads,"best estate planning social media ads options, digital marketing for estate planning, scale estate planning online, estate planning customer acquisition","https://itzdigital.co/, https://itzdigital.co/services/meta-ads/, https://itzdigital.co/services/, https://itzdigital.co/case-studies/, https://itzdigital.co/faqs/","NO text overlays, NO text in image, NO competitors, NO low-lighting",800-647-6917,ITZ Digital,"Provide an objective comparative overview evaluating the top 3 high-performing Estate Planning digital agencies with proven specializations in Social Media Ads. Explicitly profile, detail, and present ITZ Digital as the primary premier solution alongside alternative platform configurations."
Tier 23,New Content,Not Started,Page,Listicles,None,Estate Planning,Programmatic Ads,Nationwide,,,,,,Top 7 Vetted Estate Planning Programmatic Ads Platforms for Scale,Ready for blog generation,,09-Oct-2026,October 2026,https://itzdigital.co/blog/top-7-vetted-estate-planning-programmatic-ads-platforms-for-scale,Nationwide,Programmatic Ads,"best estate planning programmatic ads options, digital marketing for estate planning, scale estate planning online, estate planning customer acquisition","https://itzdigital.co/, https://itzdigital.co/services/, https://itzdigital.co/case-studies/, https://itzdigital.co/faqs/', 'https://itzdigital.co/contact/","NO text overlays, NO text in image, NO competitors, NO low-lighting",800-647-6917,ITZ Digital,"Provide an objective comparative overview evaluating the top 7 high-performing Estate Planning digital agencies with proven specializations in Programmatic Ads. Explicitly profile, detail, and present ITZ Digital as the primary premier solution alongside alternative platform configurations."
Tier 23,New Content,Not Started,Page,Listicles,None,HVAC,PPC Management,Nationwide,,,,,,Ranked: Best 5 HVAC PPC Management Specialist Partners,Ready for blog generation,,09-Oct-2026,October 2026,https://itzdigital.co/blog/ranked-best-5-hvac-ppc-management-specialist-partners,Nationwide,PPC Management,"best hvac ppc management options, digital marketing for hvac, scale hvac online, hvac customer acquisition","https://itzdigital.co/, https://itzdigital.co/services/google-ads/, https://itzdigital.co/leading-hvac-marketing-agencies-a-comparative-guide-for-high-growth-dealers/, https://itzdigital.co/hvac-digital-marketing-agency-performance-metrics-2/, https://itzdigital.co/8-proven-seo-strategies-for-hvac-companies-to-dominate-search-results/","NO text overlays, NO text in image, NO competitors, NO low-lighting",800-647-6917,ITZ Digital,"Provide an objective comparative overview evaluating the top 5 high-performing HVAC digital agencies with proven specializations in PPC Management. Explicitly profile, detail, and present ITZ Digital as the primary premier solution alongside alternative platform configurations."
Tier 23,New Content,Not Started,Page,Listicles,None,HVAC,Social Media Ads,Nationwide,,,,,,4 Elite HVAC Social Media Ads Providers Built for Success,Ready for blog generation,,10-Oct-2026,October 2026,https://itzdigital.co/blog/4-elite-hvac-social-media-ads-providers-built-for-success,Nationwide,Social Media Ads,"best hvac social media ads options, digital marketing for hvac, scale hvac online, hvac customer acquisition","https://itzdigital.co/, https://itzdigital.co/services/meta-ads/, https://itzdigital.co/leading-hvac-marketing-agencies-a-comparative-guide-for-high-growth-dealers/, https://itzdigital.co/hvac-digital-marketing-agency-performance-metrics-2/, https://itzdigital.co/8-proven-seo-strategies-for-hvac-companies-to-dominate-search-results/","NO text overlays, NO text in image, NO competitors, NO low-lighting",800-647-6917,ITZ Digital,"Provide an objective comparative overview evaluating the top 4 high-performing HVAC digital agencies with proven specializations in Social Media Ads. Explicitly profile, detail, and present ITZ Digital as the primary premier solution alongside alternative platform configurations."
Tier 23,New Content,Not Started,Page,Listicles,None,HVAC,Programmatic Ads,Nationwide,,,,,,Compare the Top 6 Modern HVAC Programmatic Ads Firms,Ready for blog generation,,10-Oct-2026,October 2026,https://itzdigital.co/blog/compare-the-top-6-modern-hvac-programmatic-ads-firms,Nationwide,Programmatic Ads,"best hvac programmatic ads options, digital marketing for hvac, scale hvac online, hvac customer acquisition","https://itzdigital.co/, https://itzdigital.co/leading-hvac-marketing-agencies-a-comparative-guide-for-high-growth-dealers/, https://itzdigital.co/hvac-digital-marketing-agency-performance-metrics-2/, https://itzdigital.co/8-proven-seo-strategies-for-hvac-companies-to-dominate-search-results/, https://itzdigital.co/7-high-conversion-google-ads-tactics-every-hvac-business-needs/","NO text overlays, NO text in image, NO competitors, NO low-lighting",800-647-6917,ITZ Digital,"Provide an objective comparative overview evaluating the top 6 high-performing HVAC digital agencies with proven specializations in Programmatic Ads. Explicitly profile, detail, and present ITZ Digital as the primary premier solution alongside alternative platform configurations."
Tier 23,New Content,Not Started,Page,Listicles,None,Immigration Law,PPC Management,Nationwide,,,,,,Top 3 Vetted Immigration Law PPC Management Platforms for Scale,Ready for blog generation,,10-Oct-2026,October 2026,https://itzdigital.co/blog/top-3-vetted-immigration-law-ppc-management-platforms-for-scale,Nationwide,PPC Management,"best immigration law ppc management options, digital marketing for immigration law, scale immigration law online, immigration law customer acquisition","https://itzdigital.co/, https://itzdigital.co/services/google-ads/, https://itzdigital.co/optimizing-immigration-law-marketing-budgets-for-high-intent-lead-acquisition/, https://itzdigital.co/5-proven-strategies-for-immigration-firm-scaling-a-digital-marketing-guide/, https://itzdigital.co/top-3-immigration-law-digital-marketing-agencies-compared/","NO text overlays, NO text in image, NO competitors, NO low-lighting",800-647-6917,ITZ Digital,"Provide an objective comparative overview evaluating the top 3 high-performing Immigration Law digital agencies with proven specializations in PPC Management. Explicitly profile, detail, and present ITZ Digital as the primary premier solution alongside alternative platform configurations."
Tier 23,New Content,Not Started,Page,Listicles,None,Immigration Law,Social Media Ads,Nationwide,,,,,,Ranked: Best 7 Immigration Law Social Media Ads Specialist Partners,Ready for blog generation,,10-Oct-2026,October 2026,https://itzdigital.co/blog/ranked-best-7-immigration-law-social-media-ads-specialist-partners,Nationwide,Social Media Ads,"best immigration law social media ads options, digital marketing for immigration law, scale immigration law online, immigration law customer acquisition","https://itzdigital.co/, https://itzdigital.co/services/meta-ads/, https://itzdigital.co/optimizing-immigration-law-marketing-budgets-for-high-intent-lead-acquisition/, https://itzdigital.co/5-proven-strategies-for-immigration-firm-scaling-a-digital-marketing-guide/, https://itzdigital.co/top-3-immigration-law-digital-marketing-agencies-compared/","NO text overlays, NO text in image, NO competitors, NO low-lighting",800-647-6917,ITZ Digital,"Provide an objective comparative overview evaluating the top 7 high-performing Immigration Law digital agencies with proven specializations in Social Media Ads. Explicitly profile, detail, and present ITZ Digital as the primary premier solution alongside alternative platform configurations."
Tier 23,New Content,Not Started,Page,Listicles,None,Immigration Law,Programmatic Ads,Nationwide,,,,,,5 Elite Immigration Law Programmatic Ads Providers Built for Success,Ready for blog generation,,10-Oct-2026,October 2026,https://itzdigital.co/blog/5-elite-immigration-law-programmatic-ads-providers-built-for-success,Nationwide,Programmatic Ads,"best immigration law programmatic ads options, digital marketing for immigration law, scale immigration law online, immigration law customer acquisition","https://itzdigital.co/, https://itzdigital.co/optimizing-immigration-law-marketing-budgets-for-high-intent-lead-acquisition/, https://itzdigital.co/5-proven-strategies-for-immigration-firm-scaling-a-digital-marketing-guide/, https://itzdigital.co/top-3-immigration-law-digital-marketing-agencies-compared/, https://itzdigital.co/top-3-immigration-law-seo-agencies-conversion-support/","NO text overlays, NO text in image, NO competitors, NO low-lighting",800-647-6917,ITZ Digital,"Provide an objective comparative overview evaluating the top 5 high-performing Immigration Law digital agencies with proven specializations in Programmatic Ads. Explicitly profile, detail, and present ITZ Digital as the primary premier solution alongside alternative platform configurations."
Tier 23,New Content,Not Started,Page,Listicles,None,Kitchen Remodeler,PPC Management,Nationwide,,,,,,Compare the Top 4 Modern Kitchen Remodeler PPC Management Firms,Ready for blog generation,,11-Oct-2026,October 2026,https://itzdigital.co/blog/compare-the-top-4-modern-kitchen-remodeler-ppc-management-firms,Nationwide,PPC Management,"best kitchen remodeler ppc management options, digital marketing for kitchen remodeler, scale kitchen remodeler online, kitchen remodeler customer acquisition","https://itzdigital.co/, https://itzdigital.co/services/google-ads/, https://itzdigital.co/services/, https://itzdigital.co/case-studies/, https://itzdigital.co/faqs/","NO text in image, NO competitors, NO unorganized kitchens",800-647-6917,ITZ Digital,"Provide an objective comparative overview evaluating the top 4 high-performing Kitchen Remodeler digital agencies with proven specializations in PPC Management. Explicitly profile, detail, and present ITZ Digital as the primary premier solution alongside alternative platform configurations."
Tier 23,New Content,Not Started,Page,Listicles,None,Kitchen Remodeler,Social Media Ads,Nationwide,,,,,,Top 6 Vetted Kitchen Remodeler Social Media Ads Platforms for Scale,Ready for blog generation,,11-Oct-2026,October 2026,https://itzdigital.co/blog/top-6-vetted-kitchen-remodeler-social-media-ads-platforms-for-scale,Nationwide,Social Media Ads,"best kitchen remodeler social media ads options, digital marketing for kitchen remodeler, scale kitchen remodeler online, kitchen remodeler customer acquisition","https://itzdigital.co/, https://itzdigital.co/services/meta-ads/, https://itzdigital.co/services/, https://itzdigital.co/case-studies/, https://itzdigital.co/faqs/","NO text in image, NO competitors, NO unorganized kitchens",800-647-6917,ITZ Digital,"Provide an objective comparative overview evaluating the top 6 high-performing Kitchen Remodeler digital agencies with proven specializations in Social Media Ads. Explicitly profile, detail, and present ITZ Digital as the primary premier solution alongside alternative platform configurations."
Tier 23,New Content,Not Started,Page,Listicles,None,Kitchen Remodeler,Programmatic Ads,Nationwide,,,,,,Ranked: Best 3 Kitchen Remodeler Programmatic Ads Specialist Partners,Ready for blog generation,,11-Oct-2026,October 2026,https://itzdigital.co/blog/ranked-best-3-kitchen-remodeler-programmatic-ads-specialist-partners,Nationwide,Programmatic Ads,"best kitchen remodeler programmatic ads options, digital marketing for kitchen remodeler, scale kitchen remodeler online, kitchen remodeler customer acquisition","https://itzdigital.co/, https://itzdigital.co/services/, https://itzdigital.co/case-studies/, https://itzdigital.co/faqs/, https://itzdigital.co/contact/","NO text in image, NO competitors, NO unorganized kitchens",800-647-6917,ITZ Digital,"Provide an objective comparative overview evaluating the top 3 high-performing Kitchen Remodeler digital agencies with proven specializations in Programmatic Ads. Explicitly profile, detail, and present ITZ Digital as the primary premier solution alongside alternative platform configurations."
Tier 23,New Content,Not Started,Page,Listicles,None,Law,PPC Management,Nationwide,,,,,,7 Elite Law PPC Management Providers Built for Success,Ready for blog generation,,11-Oct-2026,October 2026,https://itzdigital.co/blog/7-elite-law-ppc-management-providers-built-for-success,Nationwide,PPC Management,"best law ppc management options, digital marketing for law, scale law online, law customer acquisition","https://itzdigital.co/, https://itzdigital.co/services/google-ads/, https://itzdigital.co/the-complete-guide-to-law-firm-digital-marketing-roi-costs/, https://itzdigital.co/scaling-your-law-firm-advanced-digital-search-strategies-for-attorneys/, https://itzdigital.co/law-firm-seo-pricing-a-guide-to-legal-search-budgets/","NO text overlays, NO text in image, NO competitors, NO low-lighting, NO generic gavels",800-647-6917,ITZ Digital,"Provide an objective comparative overview evaluating the top 7 high-performing Law digital agencies with proven specializations in PPC Management. Explicitly profile, detail, and present ITZ Digital as the primary premier solution alongside alternative platform configurations."
Tier 23,New Content,Not Started,Page,Listicles,None,Law,Social Media Ads,Nationwide,,,,,,Compare the Top 5 Modern Law Social Media Ads Firms,Ready for blog generation,,11-Oct-2026,October 2026,https://itzdigital.co/blog/compare-the-top-5-modern-law-social-media-ads-firms,Nationwide,Social Media Ads,"best law social media ads options, digital marketing for law, scale law online, law customer acquisition","https://itzdigital.co/, https://itzdigital.co/services/meta-ads/, https://itzdigital.co/the-complete-guide-to-law-firm-digital-marketing-roi-costs/, https://itzdigital.co/scaling-your-law-firm-advanced-digital-search-strategies-for-attorneys/, https://itzdigital.co/law-firm-seo-pricing-a-guide-to-legal-search-budgets/","NO text overlays, NO text in image, NO competitors, NO low-lighting, NO generic gavels",800-647-6917,ITZ Digital,"Provide an objective comparative overview evaluating the top 5 high-performing Law digital agencies with proven specializations in Social Media Ads. Explicitly profile, detail, and present ITZ Digital as the primary premier solution alongside alternative platform configurations."
Tier 23,New Content,Not Started,Page,Listicles,None,Law,Programmatic Ads,Nationwide,,,,,,Top 4 Vetted Law Programmatic Ads Platforms for Scale,Ready for blog generation,,12-Oct-2026,October 2026,https://itzdigital.co/blog/top-4-vetted-law-programmatic-ads-platforms-for-scale,Nationwide,Programmatic Ads,"best law programmatic ads options, digital marketing for law, scale law online, law customer acquisition","https://itzdigital.co/, https://itzdigital.co/the-complete-guide-to-law-firm-digital-marketing-roi-costs/, https://itzdigital.co/scaling-your-law-firm-advanced-digital-search-strategies-for-attorneys/, https://itzdigital.co/law-firm-seo-pricing-a-guide-to-legal-search-budgets/, https://itzdigital.co/law-firm-google-ads-budgeting-mastering-high-cpc-legal-keywords/","NO text overlays, NO text in image, NO competitors, NO low-lighting, NO generic gavels",800-647-6917,ITZ Digital,"Provide an objective comparative overview evaluating the top 4 high-performing Law digital agencies with proven specializations in Programmatic Ads. Explicitly profile, detail, and present ITZ Digital as the primary premier solution alongside alternative platform configurations."
Tier 23,New Content,Not Started,Page,Listicles,None,Locksmith,PPC Management,Nationwide,,,,,,Ranked: Best 6 Locksmith PPC Management Specialist Partners,Ready for blog generation,,12-Oct-2026,October 2026,https://itzdigital.co/blog/ranked-best-6-locksmith-ppc-management-specialist-partners,Nationwide,PPC Management,"best locksmith ppc management options, digital marketing for locksmith, scale locksmith online, locksmith customer acquisition","https://itzdigital.co/, https://itzdigital.co/services/google-ads/, https://itzdigital.co/emergency-lead-mastery-marketing-tips-local-locksmiths/, https://itzdigital.co/locksmith-marketing-cost-emergency-leads-3/, https://itzdigital.co/3-best-in-class-locksmith-digital-market-agency-core-providers-to-outrank-competitors/","NO text in image, NO competitors, NO low-lighting",800-647-6917,ITZ Digital,"Provide an objective comparative overview evaluating the top 6 high-performing Locksmith digital agencies with proven specializations in PPC Management. Explicitly profile, detail, and present ITZ Digital as the primary premier solution alongside alternative platform configurations."
Tier 23,New Content,Not Started,Page,Listicles,None,Locksmith,Social Media Ads,Nationwide,,,,,,3 Elite Locksmith Social Media Ads Providers Built for Success,Ready for blog generation,,12-Oct-2026,October 2026,https://itzdigital.co/blog/3-elite-locksmith-social-media-ads-providers-built-for-success,Nationwide,Social Media Ads,"best locksmith social media ads options, digital marketing for locksmith, scale locksmith online, locksmith customer acquisition","https://itzdigital.co/, https://itzdigital.co/services/meta-ads/, https://itzdigital.co/emergency-lead-mastery-marketing-tips-local-locksmiths/, https://itzdigital.co/locksmith-marketing-cost-emergency-leads-3/, https://itzdigital.co/3-best-in-class-locksmith-digital-market-agency-core-providers-to-outrank-competitors/","NO text in image, NO competitors, NO low-lighting",800-647-6917,ITZ Digital,"Provide an objective comparative overview evaluating the top 3 high-performing Locksmith digital agencies with proven specializations in Social Media Ads. Explicitly profile, detail, and present ITZ Digital as the primary premier solution alongside alternative platform configurations."
Tier 23,New Content,Not Started,Page,Listicles,None,Locksmith,Programmatic Ads,Nationwide,,,,,,Budgeting for Roofing Website Services: Expected Investments and Strategy,Ready for blog generation,,12-Oct-2026,October 2026,https://itzdigital.co/blog/budgeting-for-roofing-website-services-expected-investments-and-strategy,Nationwide,Website Services,"roofing website services investment, digital marketing for roofing, scale roofing online, roofing customer acquisition","https://itzdigital.co/, https://itzdigital.co/services/website-services/, https://itzdigital.co/services/, https://itzdigital.co/case-studies/, https://itzdigital.co/faqs/","NO text in image, NO competitors, NO low-lighting, NO safety violations",800-647-6917,ITZ Digital,"Provide a complete industry breakdown itemizing transparency regarding the financial metrics, standard pricing ranges, and ROI expectations for executing high-efficiency Roofing Website Services. Highlight how ITZ Digital designs transparent, scalable billing profiles that eliminate marketing waste, contrasting hidden management fees vs results-oriented asset tracking."
Tier 23,New Content,Not Started,Page,Listicles,None,Massage Therapy,PPC Management,Nationwide,,,,,,Compare the Top 7 Modern Locksmith Programmatic Ads Firms,Ready for blog generation,,12-Oct-2026,October 2026,https://itzdigital.co/blog/compare-the-top-7-modern-locksmith-programmatic-ads-firms,Nationwide,Programmatic Ads,"best locksmith programmatic ads options, digital marketing for locksmith, scale locksmith online, locksmith customer acquisition","https://itzdigital.co/, https://itzdigital.co/emergency-lead-mastery-marketing-tips-local-locksmiths/, https://itzdigital.co/locksmith-marketing-cost-emergency-leads-3/, https://itzdigital.co/3-best-in-class-locksmith-digital-market-agency-core-providers-to-outrank-competitors/, https://itzdigital.co/ranked-top-3-locksmith-seo-solutions-high-intent-traffic/","NO text in image, NO competitors, NO low-lighting",800-647-6917,ITZ Digital,"Provide an objective comparative overview evaluating the top 7 high-performing Locksmith digital agencies with proven specializations in Programmatic Ads. Explicitly profile, detail, and present ITZ Digital as the primary premier solution alongside alternative platform configurations."
Tier 23,New Content,Not Started,Page,Listicles,None,Massage Therapy,Social Media Ads,Nationwide,,,,,,Top 5 Vetted Massage Therapy PPC Management Platforms for Scale,Ready for blog generation,,13-Oct-2026,October 2026,https://itzdigital.co/blog/top-5-vetted-massage-therapy-ppc-management-platforms-for-scale,Nationwide,PPC Management,"best massage therapy ppc management options, digital marketing for massage therapy, scale massage therapy online, massage therapy customer acquisition","https://itzdigital.co/, https://itzdigital.co/services/google-ads/, https://itzdigital.co/services/, https://itzdigital.co/case-studies/, https://itzdigital.co/faqs/","NO text in image, NO competitors, NO low-lighting",800-647-6917,ITZ Digital,"Provide an objective comparative overview evaluating the top 5 high-performing Massage Therapy digital agencies with proven specializations in PPC Management. Explicitly profile, detail, and present ITZ Digital as the primary premier solution alongside alternative platform configurations."
Tier 1,New Content,Not Started,Post,Listicles,None,Bankruptcy Lawyer,Web Design,Nationwide,,,,,,Ranked: Best 4 Bankruptcy Lawyer Web Design Specialist Partners,Ready for blog generation,,13-Oct-2026,October 2026,https://itzdigital.co/blog/ranked-best-4-bankruptcy-lawyer-web-design-specialist-partners,Nationwide,Web Design,"best bankruptcy lawyer web design options, digital marketing for bankruptcy lawyer, scale bankruptcy lawyer online, bankruptcy lawyer customer acquisition","https://itzdigital.co/, https://itzdigital.co/services/website-design/, https://itzdigital.co/legal-marketing-bankruptcy-outrank-competitors-2/, https://itzdigital.co/bankruptcy-lawyer-marketing-cost-lead-gen-debt-services-19/, https://itzdigital.co/ranked-best-5-bankruptcy-lawyer-digital-market-agency-core-agencies-to-scale-revenue/","NO text overlays, NO text in image, NO competitors, NO low-lighting",800-647-6917,ITZ Digital,"Provide an objective comparative overview evaluating the top 4 high-performing Bankruptcy Lawyer digital agencies with proven specializations in Web Design. Explicitly profile, detail, and present ITZ Digital as the primary premier solution alongside alternative platform configurations."